Time,Load,User,Temperature(F),Dew Point(F),Humidity(%),Wind,Wind Speed(mph),Wind Gust(mph),Pressure(in),Condition,01Low_temperature,02High_temperature,03High_humidty,04High_heat_and_humidty,05Damaging_Wind_Gusts,06Very_Damaging_Wind_Gusts,07Violent_Wind_Gusts,08Tropical_Storm,09Severe_Tropical_Storm,10Typhoon,11Strong_Typhoon,12Super_Typhoon,13Heavy_Rain,14Heavy_Rain_with_Windy,15Heavy_Rain_Shower,16Heavy_Rain_Shower_with_Windy,17Heavy_T_Storm,18Heavy_T_Storm_with_Windy,19Light_Sleet,20Light_Sleet_with_Windy
2017-08-02 00:15:00,12.3061,U189,83.28,79.68,85.79,SSE,4.97,0.0,29.6,,0,0,0,0,0,0,0,0,0,0,0,0,0,0,0,0,0,0,0,0
2017-08-02 00:30:00,11.2123,U189,83.18,79.7,85.75,SSE,4.55,0.0,29.58,,0,0,0,0,0,0,0,0,0,0,0,0,0,0,0,0,0,0,0,0
2017-08-02 00:45:00,11.4857,U189,83.08,79.73,85.71,SSE,4.129999999999999,0.0,29.55,,0,0,0,0,0,0,0,0,0,0,0,0,0,0,0,0,0,0,0,0
2017-08-02 01:00:00,11.7592,U189,82.98,79.76,85.67,SSE,3.71,0.0,29.53,,0,0,0,0,0,0,0,0,0,0,0,0,0,0,0,0,0,0,0,0
2017-08-02 01:15:00,11.349,U189,82.88,79.79,85.62,SSE,3.29,0.0,29.51,,0,0,0,0,0,0,0,0,0,0,0,0,0,0,0,0,0,0,0,0
2017-08-02 01:30:00,12.3061,U189,82.78,79.82,85.58,SSE,2.869999999999999,0.0,29.49,,0,0,0,0,0,0,0,0,0,0,0,0,0,0,0,0,0,0,0,0
2017-08-02 01:45:00,12.1694,U189,82.67999999999999,79.85,85.54,SSE,2.45,0.0,29.47,,0,0,0,0,0,0,0,0,0,0,0,0,0,0,0,0,0,0,0,0
2017-08-02 02:00:00,11.4857,U189,82.58,79.88,85.5,SSW,2.03,0.0,29.45,,0,0,0,0,0,0,0,0,0,0,0,0,0,0,0,0,0,0,0,0
2017-08-02 02:15:00,11.7592,U189,82.53166666666667,79.79,85.85,SSW,2.4441666666666664,0.0,29.5,,0,0,0,0,0,0,0,0,0,0,0,0,0,0,0,0,0,0,0,0
2017-08-02 02:30:00,11.0755,U189,82.48333333333333,79.71,86.2,SSW,2.8583333333333334,0.0,29.55,,0,0,0,0,0,0,0,0,0,0,0,0,0,0,0,0,0,0,0,0
2017-08-02 02:45:00,11.349,U189,82.435,79.62,86.55,SSW,3.2725,0.0,29.6,,0,0,0,0,0,0,0,0,0,0,0,0,0,0,0,0,0,0,0,0
2017-08-02 03:00:00,12.3061,U189,82.38666666666667,79.53,86.9,SSW,3.6866666666666665,0.0,29.65,,0,0,0,0,0,0,0,0,0,0,0,0,0,0,0,0,0,0,0,0
2017-08-02 03:15:00,10.8021,U189,82.33833333333334,79.45,87.25,SSW,4.100833333333334,0.0,29.7,,0,0,0,0,0,0,0,0,0,0,0,0,0,0,0,0,0,0,0,0
2017-08-02 03:30:00,11.6225,U189,82.28999999999999,79.36,87.6,SSW,4.515000000000001,0.0,29.74,,0,0,0,0,0,0,0,0,0,0,0,0,0,0,0,0,0,0,0,0
2017-08-02 03:45:00,10.8021,U189,82.24166666666666,79.27,87.94,SSW,4.929166666666667,0.0,29.79,,0,0,0,0,0,0,0,0,0,0,0,0,0,0,0,0,0,0,0,0
2017-08-02 04:00:00,11.349,U189,82.19333333333333,79.19,88.29,SSW,5.343333333333334,0.0,29.84,,0,0,0,0,0,0,0,0,0,0,0,0,0,0,0,0,0,0,0,0
2017-08-02 04:15:00,11.2123,U189,82.145,79.1,88.64,SSW,5.7575,0.0,29.89,,0,0,0,0,0,0,0,0,0,0,0,0,0,0,0,0,0,0,0,0
2017-08-02 04:30:00,12.4429,U189,82.09666666666666,79.01,88.99,SSW,6.171666666666667,0.0,29.94,,0,0,0,0,0,0,0,0,0,0,0,0,0,0,0,0,0,0,0,0
2017-08-02 04:45:00,11.4857,U189,82.04833333333333,78.93,89.34,SSW,6.585833333333333,0.0,29.99,,0,0,0,0,0,0,0,0,0,0,0,0,0,0,0,0,0,0,0,0
2017-08-02 05:00:00,11.7592,U189,82.0,78.84,89.69,SSW,7.0,0.0,30.04,,0,0,0,0,0,0,0,0,0,0,0,0,0,0,0,0,0,0,0,0
2017-08-02 05:15:00,12.3061,U189,82.395,78.98,89.25,SSW,7.155833333333334,0.0,30.0,,0,0,0,0,0,0,0,0,0,0,0,0,0,0,0,0,0,0,0,0
2017-08-02 05:30:00,11.8959,U189,82.78999999999999,79.13,88.81,SSW,7.311666666666666,0.0,29.96,,0,0,0,0,0,0,0,0,0,0,0,0,0,0,0,0,0,0,0,0
2017-08-02 05:45:00,11.0755,U189,83.185,79.27,88.38,SSW,7.467499999999999,0.0,29.92,,0,0,0,0,0,0,0,0,0,0,0,0,0,0,0,0,0,0,0,0
2017-08-02 06:00:00,11.0755,U189,83.58,79.42,87.94,SSW,7.623333333333333,0.0,29.87,,0,0,0,0,0,0,0,0,0,0,0,0,0,0,0,0,0,0,0,0
2017-08-02 06:15:00,10.3919,U189,83.975,79.56,87.5,SSW,7.779166666666667,0.0,29.83,,0,0,0,0,0,0,0,0,0,0,0,0,0,0,0,0,0,0,0,0
2017-08-02 06:30:00,11.349,U189,84.37,79.7,87.06,SSW,7.935,0.0,29.79,,0,0,0,0,0,0,0,0,0,0,0,0,0,0,0,0,0,0,0,0
2017-08-02 06:45:00,11.2123,U189,84.765,79.85,86.62,SSW,8.090833333333332,0.0,29.75,,0,0,0,0,0,0,0,0,0,0,0,0,0,0,0,0,0,0,0,0
2017-08-02 07:00:00,11.0755,U189,85.16,79.99,86.18,SSW,8.246666666666666,0.0,29.71,,0,0,0,0,0,0,0,0,0,0,0,0,0,0,0,0,0,0,0,0
2017-08-02 07:15:00,10.8021,U189,85.55499999999999,80.14,85.74,SSW,8.4025,0.0,29.66,,0,0,0,0,0,0,0,0,0,0,0,0,0,0,0,0,0,0,0,0
2017-08-02 07:30:00,21.8776,U189,85.94999999999999,80.28,85.31,SSW,8.558333333333334,0.0,29.62,,0,0,0,0,0,0,0,0,0,0,0,0,0,0,0,0,0,0,0,0
2017-08-02 07:45:00,45.2593,U189,86.345,80.43,84.87,SSW,8.714166666666666,0.0,29.58,,0,0,0,0,0,0,0,0,0,0,0,0,0,0,0,0,0,0,0,0
2017-08-02 08:00:00,194.5738,U189,86.74,80.57,84.43,SW,8.87,0.0,29.54,,0,0,0,0,0,0,0,0,0,0,0,0,0,0,0,0,0,0,0,0
2017-08-02 08:15:00,311.3455,U189,86.72416666666666,80.42,84.24,SW,9.056666666666668,0.0,29.51,,0,0,0,0,0,0,0,0,0,0,0,0,0,0,0,0,0,0,0,0
2017-08-02 08:30:00,303.825,U189,86.70833333333333,80.26,84.05,SW,9.243333333333332,0.0,29.47,,0,0,0,0,0,0,0,0,0,0,0,0,0,0,0,0,0,0,0,0
2017-08-02 08:45:00,337.8721,U189,86.6925,80.11,83.86,SW,9.43,0.0,29.44,,0,0,0,0,0,0,0,0,0,0,0,0,0,0,0,0,0,0,0,0
2017-08-02 09:00:00,335.9578,U189,86.67666666666666,79.96,83.67,SW,9.616666666666664,0.0,29.41,,0,0,0,0,0,0,0,0,0,0,0,0,0,0,0,0,0,0,0,0
2017-08-02 09:15:00,263.7617,U189,86.66083333333333,79.8,83.48,SW,9.803333333333333,0.0,29.37,,0,0,0,0,0,0,0,0,0,0,0,0,0,0,0,0,0,0,0,0
2017-08-02 09:30:00,284.4087,U189,86.645,79.65,83.29,SW,9.989999999999998,0.0,29.34,,0,0,0,0,0,0,0,0,0,0,0,0,0,0,0,0,0,0,0,0
2017-08-02 09:45:00,357.8354,U189,86.62916666666666,79.5,83.1,SW,10.176666666666666,0.0,29.31,,0,0,0,0,0,0,0,0,0,0,0,0,0,0,0,0,0,0,0,0
2017-08-02 10:00:00,357.4251,U189,86.61333333333333,79.34,82.91,SW,10.363333333333332,0.0,29.27,,0,0,0,0,0,0,0,0,0,0,0,0,0,0,0,0,0,0,0,0
2017-08-02 10:15:00,384.0885,U189,86.5975,79.19,82.72,SW,10.55,0.0,29.24,,0,0,0,0,0,0,0,0,0,0,0,0,0,0,0,0,0,0,0,0
2017-08-02 10:30:00,319.0026,U189,86.58166666666666,79.04,82.53,SW,10.736666666666666,0.0,29.21,,0,0,0,0,0,0,0,0,0,0,0,0,0,0,0,0,0,0,0,0
2017-08-02 10:45:00,319.2761,U189,86.56583333333333,78.88,82.34,SW,10.923333333333332,0.0,29.17,,0,0,0,0,0,0,0,0,0,0,0,0,0,0,0,0,0,0,0,0
2017-08-02 11:00:00,302.4577,U189,86.55,78.73,82.15,WSW,11.11,0.0,29.14,,0,0,0,0,0,0,0,0,0,0,0,0,0,0,0,0,0,0,0,0
2017-08-02 11:15:00,358.3823,U189,86.04666666666667,78.7,82.56,WSW,10.756666666666666,0.0,29.14,,0,0,0,0,0,0,0,0,0,0,0,0,0,0,0,0,0,0,0,0
2017-08-02 11:30:00,269.9148,U189,85.54333333333334,78.67,82.97,WSW,10.403333333333332,0.0,29.14,,0,0,0,0,0,0,0,0,0,0,0,0,0,0,0,0,0,0,0,0
2017-08-02 11:45:00,39.1062,U189,85.03999999999999,78.64,83.38,WSW,10.05,0.0,29.14,,0,0,0,0,0,0,0,0,0,0,0,0,0,0,0,0,0,0,0,0
2017-08-02 12:00:00,19.1429,U189,84.53666666666666,78.6,83.79,WSW,9.696666666666664,0.0,29.14,,0,0,0,0,0,0,0,0,0,0,0,0,0,0,0,0,0,0,0,0
2017-08-02 12:15:00,18.7327,U189,84.03333333333333,78.57,84.2,WSW,9.343333333333334,0.0,29.14,,0,0,0,0,0,0,0,0,0,0,0,0,0,0,0,0,0,0,0,0
2017-08-02 12:30:00,19.8266,U189,83.53,78.54,84.61,WSW,8.99,0.0,29.14,,0,0,0,0,0,0,0,0,0,0,0,0,0,0,0,0,0,0,0,0
2017-08-02 12:45:00,19.6898,U189,83.02666666666667,78.51,85.02,WSW,8.636666666666667,0.0,29.14,,0,0,0,0,0,0,0,0,0,0,0,0,0,0,0,0,0,0,0,0
2017-08-02 13:00:00,17.7755,U189,82.52333333333334,78.48,85.43,WSW,8.283333333333333,0.0,29.14,,0,0,0,0,0,0,0,0,0,0,0,0,0,0,0,0,0,0,0,0
2017-08-02 13:15:00,18.3225,U189,82.02000000000001,78.44,85.84,WSW,7.93,0.0,29.14,,0,0,0,0,0,0,0,0,0,0,0,0,0,0,0,0,0,0,0,0
2017-08-02 13:30:00,21.0572,U189,81.51666666666667,78.41,86.25,WSW,7.576666666666666,0.0,29.14,,0,0,0,0,0,0,0,0,0,0,0,0,0,0,0,0,0,0,0,0
2017-08-02 13:45:00,177.0718,U189,81.01333333333334,78.38,86.66,WSW,7.223333333333334,0.0,29.14,,0,0,0,0,0,0,0,0,0,0,0,0,0,0,0,0,0,0,0,0
2017-08-02 14:00:00,309.4312,U189,80.51,78.35,87.07,SE,6.87,0.0,29.14,,0,0,0,0,0,0,0,0,0,0,0,0,0,0,0,0,0,0,0,0
2017-08-02 14:15:00,324.1986,U189,81.0,78.24,86.32,SE,6.466666666666667,0.0,29.18,,0,0,0,0,0,0,0,0,0,0,0,0,0,0,0,0,0,0,0,0
2017-08-02 14:30:00,364.6721,U189,81.49000000000001,78.12,85.56,SE,6.0633333333333335,0.0,29.22,,0,0,0,0,0,0,0,0,0,0,0,0,0,0,0,0,0,0,0,0
2017-08-02 14:45:00,337.1884,U189,81.98,78.01,84.81,SE,5.66,0.0,29.26,,0,0,0,0,0,0,0,0,0,0,0,0,0,0,0,0,0,0,0,0
2017-08-02 15:00:00,380.3966,U189,82.47,77.9,84.06,SE,5.256666666666667,0.0,29.31,,0,0,0,0,0,0,0,0,0,0,0,0,0,0,0,0,0,0,0,0
2017-08-02 15:15:00,383.4048,U189,82.96000000000001,77.79,83.3,SE,4.8533333333333335,0.0,29.35,,0,0,0,0,0,0,0,0,0,0,0,0,0,0,0,0,0,0,0,0
2017-08-02 15:30:00,372.466,U189,83.45,77.68,82.55,SE,4.45,0.0,29.39,,0,0,0,0,0,0,0,0,0,0,0,0,0,0,0,0,0,0,0,0
2017-08-02 15:45:00,366.4497,U189,83.94,77.56,81.8,SE,4.046666666666667,0.0,29.43,,0,0,0,0,0,0,0,0,0,0,0,0,0,0,0,0,0,0,0,0
2017-08-02 16:00:00,289.8781,U189,84.43,77.45,81.04,SE,3.6433333333333335,0.0,29.47,,0,0,0,0,0,0,0,0,0,0,0,0,0,0,0,0,0,0,0,0
2017-08-02 16:15:00,273.4699,U189,84.92,77.34,80.29,SE,3.24,0.0,29.52,,0,0,0,0,0,0,0,0,0,0,0,0,0,0,0,0,0,0,0,0
2017-08-02 16:30:00,224.6555,U189,85.41,77.22,79.54,SE,2.836666666666667,0.0,29.56,,0,0,0,0,0,0,0,0,0,0,0,0,0,0,0,0,0,0,0,0
2017-08-02 16:45:00,259.5229,U189,85.9,77.11,78.78,SE,2.4333333333333336,0.0,29.6,,0,0,0,0,0,0,0,0,0,0,0,0,0,0,0,0,0,0,0,0
2017-08-02 17:00:00,331.3088,U189,86.39,77.0,78.03,W,2.03,0.0,29.64,,0,0,0,0,0,0,0,0,0,0,0,0,0,0,0,0,0,0,0,0
2017-08-02 17:15:00,333.0863,U189,86.22,76.99,78.58,W,2.625,0.0,29.66,,0,0,0,0,0,0,0,0,0,0,0,0,0,0,0,0,0,0,0,0
2017-08-02 17:30:00,362.6211,U189,86.05,76.99,79.12,W,3.22,0.0,29.68,,0,0,0,0,0,0,0,0,0,0,0,0,0,0,0,0,0,0,0,0
2017-08-02 17:45:00,316.5414,U189,85.88,76.98,79.66,W,3.815,0.0,29.7,,0,0,0,0,0,0,0,0,0,0,0,0,0,0,0,0,0,0,0,0
2017-08-02 18:00:00,76.0246,U189,85.71,76.97,80.21,W,4.41,0.0,29.72,,0,0,0,0,0,0,0,0,0,0,0,0,0,0,0,0,0,0,0,0
2017-08-02 18:15:00,13.8102,U189,85.53999999999999,76.97,80.76,W,5.005000000000001,0.0,29.74,,0,0,0,0,0,0,0,0,0,0,0,0,0,0,0,0,0,0,0,0
2017-08-02 18:30:00,12.8531,U189,85.37,76.96,81.3,W,5.6,0.0,29.76,,0,0,0,0,0,0,0,0,0,0,0,0,0,0,0,0,0,0,0,0
2017-08-02 18:45:00,12.7163,U189,85.2,76.95,81.84,W,6.195,0.0,29.77,,0,0,0,0,0,0,0,0,0,0,0,0,0,0,0,0,0,0,0,0
2017-08-02 19:00:00,14.0837,U189,85.03,76.95,82.39,W,6.790000000000001,0.0,29.79,,0,0,0,0,0,0,0,0,0,0,0,0,0,0,0,0,0,0,0,0
2017-08-02 19:15:00,14.0837,U189,84.86,76.94,82.94,W,7.385,0.0,29.81,,0,0,0,0,0,0,0,0,0,0,0,0,0,0,0,0,0,0,0,0
2017-08-02 19:30:00,13.2633,U189,84.69,76.93,83.48,W,7.98,0.0,29.83,,0,0,0,0,0,0,0,0,0,0,0,0,0,0,0,0,0,0,0,0
2017-08-02 19:45:00,13.2633,U189,84.52,76.93,84.02,W,8.575000000000001,0.0,29.85,,0,0,0,0,0,0,0,0,0,0,0,0,0,0,0,0,0,0,0,0
2017-08-02 20:00:00,12.7163,U189,84.35,76.92,84.57,SE,9.17,0.0,29.87,,0,0,0,0,0,0,0,0,0,0,0,0,0,0,0,0,0,0,0,0
2017-08-02 20:15:00,11.8959,U189,84.18416666666666,77.22,84.92,SE,8.738333333333333,0.0,29.79,,0,0,0,0,0,0,0,0,0,0,0,0,0,0,0,0,0,0,0,0
2017-08-02 20:30:00,11.2123,U189,84.01833333333333,77.52,85.26,SE,8.306666666666667,0.0,29.71,,0,0,0,0,0,0,0,0,0,0,0,0,0,0,0,0,0,0,0,0
2017-08-02 20:45:00,11.6225,U189,83.85249999999999,77.82,85.61,SE,7.875,0.0,29.63,,0,0,0,0,0,0,0,0,0,0,0,0,0,0,0,0,0,0,0,0
2017-08-02 21:00:00,11.4857,U189,83.68666666666667,78.13,85.95,SE,7.443333333333333,0.0,29.55,,0,0,0,0,0,0,0,0,0,0,0,0,0,0,0,0,0,0,0,0
2017-08-02 21:15:00,11.0755,U189,83.52083333333333,78.43,86.3,SE,7.011666666666667,0.0,29.47,,0,0,0,0,0,0,0,0,0,0,0,0,0,0,0,0,0,0,0,0
2017-08-02 21:30:00,11.0755,U189,83.35499999999999,78.73,86.64,SE,6.58,0.0,29.39,,0,0,0,0,0,0,0,0,0,0,0,0,0,0,0,0,0,0,0,0
2017-08-02 21:45:00,11.2123,U189,83.18916666666667,79.03,86.99,SE,6.148333333333333,0.0,29.31,,0,0,0,0,0,0,0,0,0,0,0,0,0,0,0,0,0,0,0,0
2017-08-02 22:00:00,11.4857,U189,83.02333333333333,79.33,87.34,SE,5.716666666666667,0.0,29.23,,0,0,0,0,0,0,0,0,0,0,0,0,0,0,0,0,0,0,0,0
2017-08-02 22:15:00,12.3061,U189,82.8575,79.64,87.68,SE,5.285,0.0,29.15,,0,0,0,0,0,0,0,0,0,0,0,0,0,0,0,0,0,0,0,0
2017-08-02 22:30:00,11.7592,U189,82.69166666666666,79.94,88.03,SE,4.8533333333333335,0.0,29.07,,0,0,0,0,0,0,0,0,0,0,0,0,0,0,0,0,0,0,0,0
2017-08-02 22:45:00,12.0327,U189,82.52583333333334,80.24,88.37,SE,4.421666666666667,0.0,28.99,,0,0,0,0,0,0,0,0,0,0,0,0,0,0,0,0,0,0,0,0
2017-08-02 23:00:00,11.8959,U189,82.36,80.54,88.72,SSE,3.99,0.0,28.91,,0,0,0,0,0,0,0,0,0,0,0,0,0,0,0,0,0,0,0,0
2017-08-02 23:15:00,10.5286,U189,82.46666666666667,80.48,88.86,SSE,3.8233333333333337,0.0,28.99,,0,0,0,0,0,0,0,0,0,0,0,0,0,0,0,0,0,0,0,0
2017-08-02 23:30:00,11.349,U189,82.57333333333334,80.42,89.0,SSE,3.6566666666666654,0.0,29.08,,0,0,0,0,0,0,0,0,0,0,0,0,0,0,0,0,0,0,0,0
2017-08-02 23:45:00,11.349,U189,82.68,80.35,89.15,SSE,3.49,0.0,29.16,,0,0,0,0,0,0,0,0,0,0,0,0,0,0,0,0,0,0,0,0
2017-08-03 00:00:00,10.9388,U189,82.78666666666666,80.29,89.29,SSE,3.3233333333333337,0.0,29.25,,0,0,0,0,0,0,0,0,0,0,0,0,0,0,0,0,0,0,0,0
2017-08-03 00:15:00,11.7592,U189,82.89333333333333,80.23,89.43,SSE,3.156666666666667,0.0,29.33,,0,0,0,0,0,0,0,0,0,0,0,0,0,0,0,0,0,0,0,0
2017-08-03 00:30:00,11.4857,U189,83.0,80.17,89.58,SSE,2.99,0.0,29.42,,0,0,0,0,0,0,0,0,0,0,0,0,0,0,0,0,0,0,0,0
2017-08-03 00:45:00,11.7592,U189,83.10666666666667,80.1,89.72,SSE,2.8233333333333337,0.0,29.5,,0,0,0,0,0,0,0,0,0,0,0,0,0,0,0,0,0,0,0,0
2017-08-03 01:00:00,11.4857,U189,83.21333333333334,80.04,89.86,SSE,2.656666666666667,0.0,29.58,,0,0,0,0,0,0,0,0,0,0,0,0,0,0,0,0,0,0,0,0
2017-08-03 01:15:00,11.7592,U189,83.32,79.98,90.0,SSE,2.49,0.0,29.67,,0,0,0,0,0,0,0,0,0,0,0,0,0,0,0,0,0,0,0,0
2017-08-03 01:30:00,11.349,U189,83.42666666666666,79.92,90.15,SSE,2.3233333333333337,0.0,29.75,,0,0,0,0,0,0,0,0,0,0,0,0,0,0,0,0,0,0,0,0
2017-08-03 01:45:00,11.8959,U189,83.53333333333333,79.85,90.29,SSE,2.156666666666667,0.0,29.84,,0,0,0,0,0,0,0,0,0,0,0,0,0,0,0,0,0,0,0,0
2017-08-03 02:00:00,11.2123,U189,83.64,79.79,90.43,S,1.99,0.0,29.92,,0,0,0,0,0,0,0,0,0,0,0,0,0,0,0,0,0,0,0,0
2017-08-03 02:15:00,11.4857,U189,83.375,79.84,90.39,S,2.1566666666666667,0.0,29.85,,0,0,0,0,0,0,0,0,0,0,0,0,0,0,0,0,0,0,0,0
2017-08-03 02:30:00,11.6225,U189,83.11,79.88,90.35,S,2.3233333333333333,0.0,29.78,,0,0,0,0,0,0,0,0,0,0,0,0,0,0,0,0,0,0,0,0
2017-08-03 02:45:00,11.2123,U189,82.845,79.93,90.31,S,2.49,0.0,29.72,,0,0,0,0,0,0,0,0,0,0,0,0,0,0,0,0,0,0,0,0
2017-08-03 03:00:00,11.6225,U189,82.58,79.98,90.27,S,2.6566666666666667,0.0,29.65,,0,0,0,0,0,0,0,0,0,0,0,0,0,0,0,0,0,0,0,0
2017-08-03 03:15:00,11.2123,U189,82.315,80.02,90.23,S,2.8233333333333333,0.0,29.58,,0,0,0,0,0,0,0,0,0,0,0,0,0,0,0,0,0,0,0,0
2017-08-03 03:30:00,11.2123,U189,82.05,80.07,90.2,S,2.99,0.0,29.51,,0,0,0,0,0,0,0,0,0,0,0,0,0,0,0,0,0,0,0,0
2017-08-03 03:45:00,11.4857,U189,81.785,80.12,90.16,S,3.1566666666666663,0.0,29.44,,0,0,0,0,0,0,0,0,0,0,0,0,0,0,0,0,0,0,0,0
2017-08-03 04:00:00,11.0755,U189,81.52,80.16,90.12,S,3.3233333333333333,0.0,29.37,,0,0,0,0,0,0,0,0,0,0,0,0,0,0,0,0,0,0,0,0
2017-08-03 04:15:00,10.5286,U189,81.255,80.21,90.08,S,3.49,0.0,29.3,,0,0,0,0,0,0,0,0,0,0,0,0,0,0,0,0,0,0,0,0
2017-08-03 04:30:00,12.8531,U189,80.99,80.26,90.04,S,3.6566666666666654,0.0,29.24,,0,0,0,0,0,0,0,0,0,0,0,0,0,0,0,0,0,0,0,0
2017-08-03 04:45:00,10.9388,U189,80.725,80.3,90.0,S,3.823333333333333,0.0,29.17,,0,0,0,0,0,0,0,0,0,0,0,0,0,0,0,0,0,0,0,0
2017-08-03 05:00:00,10.3919,U189,80.46,80.35,89.96,ENE,3.99,0.0,29.1,,0,0,0,0,0,0,0,0,0,0,0,0,0,0,0,0,0,0,0,0
2017-08-03 05:15:00,10.6653,U189,80.17083333333332,80.03,90.58,ENE,3.9958333333333336,0.0,29.1,,0,0,0,0,0,0,0,0,0,0,0,0,0,0,0,0,0,0,0,0
2017-08-03 05:30:00,10.8021,U189,79.88166666666666,79.71,91.19,ENE,4.001666666666667,0.0,29.11,,0,0,0,0,0,0,0,0,0,0,0,0,0,0,0,0,0,0,0,0
2017-08-03 05:45:00,10.9388,U189,79.5925,79.4,91.81,ENE,4.0075,0.0,29.11,,0,0,0,0,0,0,0,0,0,0,0,0,0,0,0,0,0,0,0,0
2017-08-03 06:00:00,11.349,U189,79.30333333333333,79.08,92.42,ENE,4.013333333333334,0.0,29.12,,0,0,0,0,0,0,0,0,0,0,0,0,0,0,0,0,0,0,0,0
2017-08-03 06:15:00,10.3919,U189,79.01416666666665,78.76,93.04,ENE,4.019166666666667,0.0,29.12,,0,0,0,0,0,0,0,0,0,0,0,0,0,0,0,0,0,0,0,0
2017-08-03 06:30:00,10.9388,U189,78.725,78.44,93.66,ENE,4.025,0.0,29.12,,0,0,0,0,0,0,0,0,0,0,0,0,0,0,0,0,0,0,0,0
2017-08-03 06:45:00,10.3919,U189,78.43583333333333,78.12,94.27,ENE,4.030833333333333,0.0,29.13,,0,0,0,0,0,0,0,0,0,0,0,0,0,0,0,0,0,0,0,0
2017-08-03 07:00:00,11.2123,U189,78.14666666666666,77.8,94.89,ENE,4.036666666666666,0.0,29.13,,0,0,0,0,0,0,0,0,0,0,0,0,0,0,0,0,0,0,0,0
2017-08-03 07:15:00,12.7163,U189,77.85749999999999,77.48,95.5,ENE,4.0425,0.0,29.14,,0,0,0,0,0,0,0,0,0,0,0,0,0,0,0,0,0,0,0,0
2017-08-03 07:30:00,27.4837,U189,77.56833333333333,77.17,96.12,ENE,4.048333333333333,0.0,29.14,,0,0,0,0,0,0,0,0,0,0,0,0,0,0,0,0,0,0,0,0
2017-08-03 07:45:00,76.0246,U189,77.27916666666667,76.85,96.73,ENE,4.054166666666666,0.0,29.15,,0,0,1,0,0,0,0,0,0,0,0,0,0,0,0,0,0,0,0,0
2017-08-03 08:00:00,298.3557,U189,76.99,76.53,97.35,ESE,4.06,0.0,29.15,,0,0,1,0,0,0,0,0,0,0,0,0,0,0,0,0,0,0,0,0
2017-08-03 08:15:00,345.6659,U189,77.34666666666666,76.7,97.0,ESE,4.458333333333333,0.0,29.17,,0,0,1,0,0,0,0,0,0,0,0,0,0,0,0,0,0,0,0,0
2017-08-03 08:30:00,357.6986,U189,77.70333333333333,76.87,96.65,ESE,4.8566666666666665,0.0,29.2,,0,0,1,0,0,0,0,0,0,0,0,0,0,0,0,0,0,0,0,0
2017-08-03 08:45:00,342.3843,U189,78.06,77.04,96.3,ESE,5.255,0.0,29.22,,0,0,1,0,0,0,0,0,0,0,0,0,0,0,0,0,0,0,0,0
2017-08-03 09:00:00,337.7353,U189,78.41666666666666,77.21,95.96,ESE,5.653333333333333,0.0,29.24,,0,0,0,0,0,0,0,0,0,0,0,0,0,0,0,0,0,0,0,0
2017-08-03 09:15:00,381.764,U189,78.77333333333333,77.38,95.61,ESE,6.051666666666667,0.0,29.27,,0,0,0,0,0,0,0,0,0,0,0,0,0,0,0,0,0,0,0,0
2017-08-03 09:30:00,400.6334,U189,79.13,77.55,95.26,ESE,6.449999999999999,0.0,29.29,,0,0,0,0,0,0,0,0,0,0,0,0,0,0,0,0,0,0,0,0
2017-08-03 09:45:00,368.6374,U189,79.48666666666666,77.72,94.91,ESE,6.848333333333333,0.0,29.31,,0,0,0,0,0,0,0,0,0,0,0,0,0,0,0,0,0,0,0,0
2017-08-03 10:00:00,308.2006,U189,79.84333333333333,77.89,94.56,ESE,7.246666666666666,0.0,29.34,,0,0,0,0,0,0,0,0,0,0,0,0,0,0,0,0,0,0,0,0
2017-08-03 10:15:00,295.8944,U189,80.19999999999999,78.06,94.22,ESE,7.645,0.0,29.36,,0,0,0,0,0,0,0,0,0,0,0,0,0,0,0,0,0,0,0,0
2017-08-03 10:30:00,331.4455,U189,80.55666666666666,78.23,93.87,ESE,8.043333333333333,0.0,29.38,,0,0,0,0,0,0,0,0,0,0,0,0,0,0,0,0,0,0,0,0
2017-08-03 10:45:00,392.7028,U189,80.91333333333333,78.4,93.52,ESE,8.441666666666666,0.0,29.41,,0,0,0,0,0,0,0,0,0,0,0,0,0,0,0,0,0,0,0,0
2017-08-03 11:00:00,391.0619,U189,81.27,78.57,93.17,ENE,8.84,0.0,29.43,,0,0,0,0,0,0,0,0,0,0,0,0,0,0,0,0,0,0,0,0
2017-08-03 11:15:00,377.5252,U189,81.70416666666667,78.64,91.82,ENE,9.179166666666667,0.0,29.39,,0,0,0,0,0,0,0,0,0,0,0,0,0,0,0,0,0,0,0,0
2017-08-03 11:30:00,210.4351,U189,82.13833333333334,78.71,90.48,ENE,9.518333333333333,0.0,29.36,,0,0,0,0,0,0,0,0,0,0,0,0,0,0,0,0,0,0,0,0
2017-08-03 11:45:00,23.5184,U189,82.57249999999999,78.77,89.13,ENE,9.8575,0.0,29.32,,0,0,0,0,0,0,0,0,0,0,0,0,0,0,0,0,0,0,0,0
2017-08-03 12:00:00,18.3225,U189,83.00666666666666,78.84,87.78,ENE,10.196666666666667,0.0,29.29,,0,0,0,0,0,0,0,0,0,0,0,0,0,0,0,0,0,0,0,0
2017-08-03 12:15:00,18.8694,U189,83.44083333333333,78.91,86.44,ENE,10.535833333333333,0.0,29.25,,0,0,0,0,0,0,0,0,0,0,0,0,0,0,0,0,0,0,0,0
2017-08-03 12:30:00,19.4164,U189,83.875,78.98,85.09,ENE,10.875,0.0,29.22,,0,0,0,0,0,0,0,0,0,0,0,0,0,0,0,0,0,0,0,0
2017-08-03 12:45:00,17.7755,U189,84.30916666666667,79.05,83.74,ENE,11.214166666666667,0.0,29.18,,0,0,0,0,0,0,0,0,0,0,0,0,0,0,0,0,0,0,0,0
2017-08-03 13:00:00,16.9551,U189,84.74333333333334,79.12,82.4,ENE,11.553333333333333,0.0,29.14,,0,0,0,0,0,0,0,0,0,0,0,0,0,0,0,0,0,0,0,0
2017-08-03 13:15:00,34.3205,U189,85.17750000000001,79.18,81.05,ENE,11.8925,0.0,29.11,,0,0,0,0,0,0,0,0,0,0,0,0,0,0,0,0,0,0,0,0
2017-08-03 13:30:00,42.2511,U189,85.61166666666666,79.25,79.7,ENE,12.231666666666666,0.0,29.07,,0,0,0,0,0,0,0,0,0,0,0,0,0,0,0,0,0,0,0,0
2017-08-03 13:45:00,91.6124,U189,86.04583333333333,79.32,78.36,ENE,12.570833333333333,0.0,29.04,,0,0,0,0,0,0,0,0,0,0,0,0,0,0,0,0,0,0,0,0
2017-08-03 14:00:00,289.8781,U189,86.48,79.39,77.01,ESE,12.91,0.0,29.0,,0,0,0,0,0,0,0,0,0,0,0,0,0,0,0,0,0,0,0,0
2017-08-03 14:15:00,328.4373,U189,86.15166666666667,79.09,77.49,ESE,12.1725,0.0,29.03,,0,0,0,0,0,0,0,0,0,0,0,0,0,0,0,0,0,0,0,0
2017-08-03 14:30:00,299.723,U189,85.82333333333334,78.78,77.97,ESE,11.435,0.0,29.06,,0,0,0,0,0,0,0,0,0,0,0,0,0,0,0,0,0,0,0,0
2017-08-03 14:45:00,285.2291,U189,85.495,78.48,78.45,ESE,10.6975,0.0,29.08,,0,0,0,0,0,0,0,0,0,0,0,0,0,0,0,0,0,0,0,0
2017-08-03 15:00:00,256.6515,U189,85.16666666666667,78.17,78.93,ESE,9.96,0.0,29.11,,0,0,0,0,0,0,0,0,0,0,0,0,0,0,0,0,0,0,0,0
2017-08-03 15:15:00,271.4189,U189,84.83833333333334,77.87,79.41,ESE,9.2225,0.0,29.14,,0,0,0,0,0,0,0,0,0,0,0,0,0,0,0,0,0,0,0,0
2017-08-03 15:30:00,306.5597,U189,84.51,77.56,79.89,ESE,8.485,0.0,29.17,,0,0,0,0,0,0,0,0,0,0,0,0,0,0,0,0,0,0,0,0
2017-08-03 15:45:00,318.319,U189,84.18166666666667,77.26,80.37,ESE,7.747499999999999,0.0,29.2,,0,0,0,0,0,0,0,0,0,0,0,0,0,0,0,0,0,0,0,0
2017-08-03 16:00:00,328.4373,U189,83.85333333333334,76.96,80.85,ESE,7.009999999999999,0.0,29.23,,0,0,0,0,0,0,0,0,0,0,0,0,0,0,0,0,0,0,0,0
2017-08-03 16:15:00,309.4312,U189,83.525,76.65,81.33,ESE,6.272499999999999,0.0,29.26,,0,0,0,0,0,0,0,0,0,0,0,0,0,0,0,0,0,0,0,0
2017-08-03 16:30:00,325.4292,U189,83.19666666666667,76.35,81.81,ESE,5.534999999999998,0.0,29.28,,0,0,0,0,0,0,0,0,0,0,0,0,0,0,0,0,0,0,0,0
2017-08-03 16:45:00,283.725,U189,82.86833333333334,76.04,82.29,ESE,4.797499999999998,0.0,29.31,,0,0,0,0,0,0,0,0,0,0,0,0,0,0,0,0,0,0,0,0
2017-08-03 17:00:00,293.9801,U189,82.54,75.74,82.77,SW,4.06,0.0,29.34,,0,0,0,0,0,0,0,0,0,0,0,0,0,0,0,0,0,0,0,0
2017-08-03 17:15:00,393.5232,U189,82.29,75.77,83.3,SW,4.059166666666666,0.0,29.3,,0,0,0,0,0,0,0,0,0,0,0,0,0,0,0,0,0,0,0,0
2017-08-03 17:30:00,342.1108,U189,82.04,75.79,83.84,SW,4.058333333333333,0.0,29.26,,0,0,0,0,0,0,0,0,0,0,0,0,0,0,0,0,0,0,0,0
2017-08-03 17:45:00,392.1558,U189,81.79,75.82,84.37,SW,4.057499999999999,0.0,29.22,,0,0,0,0,0,0,0,0,0,0,0,0,0,0,0,0,0,0,0,0
2017-08-03 18:00:00,197.8555,U189,81.54,75.85,84.9,SW,4.056666666666667,0.0,29.19,,0,0,0,0,0,0,0,0,0,0,0,0,0,0,0,0,0,0,0,0
2017-08-03 18:15:00,85.7328,U189,81.29,75.87,85.43,SW,4.055833333333333,0.0,29.15,,0,0,0,0,0,0,0,0,0,0,0,0,0,0,0,0,0,0,0,0
2017-08-03 18:30:00,16.8184,U189,81.04,75.9,85.96,SW,4.055,0.0,29.11,,0,0,0,0,0,0,0,0,0,0,0,0,0,0,0,0,0,0,0,0
2017-08-03 18:45:00,11.6225,U189,80.79,75.93,86.5,SW,4.054166666666666,0.0,29.07,,0,0,0,0,0,0,0,0,0,0,0,0,0,0,0,0,0,0,0,0
2017-08-03 19:00:00,13.6735,U189,80.54,75.95,87.03,SW,4.053333333333333,0.0,29.03,,0,0,0,0,0,0,0,0,0,0,0,0,0,0,0,0,0,0,0,0
2017-08-03 19:15:00,14.7674,U189,80.29,75.98,87.56,SW,4.0525,0.0,28.99,,0,0,0,0,0,0,0,0,0,0,0,0,0,0,0,0,0,0,0,0
2017-08-03 19:30:00,14.6306,U189,80.04,76.01,88.1,SW,4.051666666666667,0.0,28.96,,0,0,0,0,0,0,0,0,0,0,0,0,0,0,0,0,0,0,0,0
2017-08-03 19:45:00,12.9898,U189,79.79,76.03,88.63,SW,4.050833333333333,0.0,28.92,,0,0,0,0,0,0,0,0,0,0,0,0,0,0,0,0,0,0,0,0
2017-08-03 20:00:00,13.4,U189,79.54,76.06,89.16,SE,4.05,0.0,28.88,,0,0,0,0,0,0,0,0,0,0,0,0,0,0,0,0,0,0,0,0
2017-08-03 20:15:00,12.3061,U189,79.47666666666667,76.29,89.38,SE,4.04,0.0,28.97,,0,0,0,0,0,0,0,0,0,0,0,0,0,0,0,0,0,0,0,0
2017-08-03 20:30:00,11.8959,U189,79.41333333333334,76.52,89.59,SE,4.03,0.0,29.05,,0,0,0,0,0,0,0,0,0,0,0,0,0,0,0,0,0,0,0,0
2017-08-03 20:45:00,11.6225,U189,79.35000000000001,76.76,89.81,SE,4.02,0.0,29.14,,0,0,0,0,0,0,0,0,0,0,0,0,0,0,0,0,0,0,0,0
2017-08-03 21:00:00,10.9388,U189,79.28666666666668,76.99,90.02,SE,4.01,0.0,29.23,,0,0,0,0,0,0,0,0,0,0,0,0,0,0,0,0,0,0,0,0
2017-08-03 21:15:00,10.6653,U189,79.22333333333334,77.22,90.24,SE,4.0,0.0,29.31,,0,0,0,0,0,0,0,0,0,0,0,0,0,0,0,0,0,0,0,0
2017-08-03 21:30:00,10.5286,U189,79.16,77.45,90.46,SE,3.99,0.0,29.4,,0,0,0,0,0,0,0,0,0,0,0,0,0,0,0,0,0,0,0,0
2017-08-03 21:45:00,11.349,U189,79.09666666666666,77.68,90.67,SE,3.98,0.0,29.49,,0,0,0,0,0,0,0,0,0,0,0,0,0,0,0,0,0,0,0,0
2017-08-03 22:00:00,9.8449,U189,79.03333333333333,77.91,90.89,SE,3.97,0.0,29.57,,0,0,0,0,0,0,0,0,0,0,0,0,0,0,0,0,0,0,0,0
2017-08-03 22:15:00,10.9388,U189,78.97,78.15,91.1,SE,3.96,0.0,29.66,,0,0,0,0,0,0,0,0,0,0,0,0,0,0,0,0,0,0,0,0
2017-08-03 22:30:00,10.6653,U189,78.90666666666667,78.38,91.32,SE,3.95,0.0,29.75,,0,0,0,0,0,0,0,0,0,0,0,0,0,0,0,0,0,0,0,0
2017-08-03 22:45:00,13.6735,U189,78.84333333333333,78.61,91.53,SE,3.94,0.0,29.83,,0,0,0,0,0,0,0,0,0,0,0,0,0,0,0,0,0,0,0,0
2017-08-03 23:00:00,13.947,U189,78.78,78.84,91.75,SE,3.93,0.0,29.92,,0,0,0,0,0,0,0,0,0,0,0,0,0,0,0,0,0,0,0,0
2017-08-03 23:15:00,13.6735,U189,78.83666666666667,78.75,91.87,SE,3.94,0.0,29.93,,0,0,0,0,0,0,0,0,0,0,0,0,0,0,0,0,0,0,0,0
2017-08-03 23:30:00,13.6735,U189,78.89333333333333,78.65,91.98,SE,3.95,0.0,29.94,,0,0,0,0,0,0,0,0,0,0,0,0,0,0,0,0,0,0,0,0
2017-08-03 23:45:00,12.9898,U189,78.95,78.56,92.1,SE,3.96,0.0,29.94,,0,0,0,0,0,0,0,0,0,0,0,0,0,0,0,0,0,0,0,0
2017-08-04 00:00:00,13.2633,U189,79.00666666666666,78.46,92.22,SE,3.97,0.0,29.95,,0,0,0,0,0,0,0,0,0,0,0,0,0,0,0,0,0,0,0,0
2017-08-04 00:15:00,13.1266,U189,79.06333333333333,78.37,92.34,SE,3.98,0.0,29.96,,0,0,0,0,0,0,0,0,0,0,0,0,0,0,0,0,0,0,0,0
2017-08-04 00:30:00,12.5796,U189,79.12,78.28,92.46,SE,3.99,0.0,29.97,,0,0,0,0,0,0,0,0,0,0,0,0,0,0,0,0,0,0,0,0
2017-08-04 00:45:00,12.5796,U189,79.17666666666666,78.18,92.57,SE,4.0,0.0,29.98,,0,0,0,0,0,0,0,0,0,0,0,0,0,0,0,0,0,0,0,0
2017-08-04 01:00:00,12.3061,U189,79.23333333333333,78.09,92.69,SE,4.01,0.0,29.99,,0,0,0,0,0,0,0,0,0,0,0,0,0,0,0,0,0,0,0,0
2017-08-04 01:15:00,12.7163,U189,79.28999999999999,77.99,92.81,SE,4.02,0.0,30.0,,0,0,0,0,0,0,0,0,0,0,0,0,0,0,0,0,0,0,0,0
2017-08-04 01:30:00,12.3061,U189,79.34666666666666,77.9,92.92,SE,4.03,0.0,30.0,,0,0,0,0,0,0,0,0,0,0,0,0,0,0,0,0,0,0,0,0
2017-08-04 01:45:00,12.7163,U189,79.40333333333332,77.8,93.04,SE,4.04,0.0,30.01,,0,0,0,0,0,0,0,0,0,0,0,0,0,0,0,0,0,0,0,0
2017-08-04 02:00:00,12.3061,U189,79.46,77.71,93.16,E,4.05,0.0,30.02,,0,0,0,0,0,0,0,0,0,0,0,0,0,0,0,0,0,0,0,0
2017-08-04 02:15:00,12.5796,U189,79.31083333333333,77.59,93.53,E,4.291666666666666,0.0,29.99,,0,0,0,0,0,0,0,0,0,0,0,0,0,0,0,0,0,0,0,0
2017-08-04 02:30:00,12.0327,U189,79.16166666666666,77.48,93.9,E,4.533333333333333,0.0,29.96,,0,0,0,0,0,0,0,0,0,0,0,0,0,0,0,0,0,0,0,0
2017-08-04 02:45:00,12.3061,U189,79.01249999999999,77.36,94.26,E,4.775,0.0,29.93,,0,0,0,0,0,0,0,0,0,0,0,0,0,0,0,0,0,0,0,0
2017-08-04 03:00:00,12.5796,U189,78.86333333333333,77.25,94.63,E,5.016666666666667,0.0,29.9,,0,0,0,0,0,0,0,0,0,0,0,0,0,0,0,0,0,0,0,0
2017-08-04 03:15:00,12.0327,U189,78.71416666666667,77.13,95.0,E,5.258333333333333,0.0,29.87,,0,0,0,0,0,0,0,0,0,0,0,0,0,0,0,0,0,0,0,0
2017-08-04 03:30:00,12.3061,U189,78.565,77.01,95.37,E,5.5,0.0,29.84,,0,0,0,0,0,0,0,0,0,0,0,0,0,0,0,0,0,0,0,0
2017-08-04 03:45:00,12.3061,U189,78.41583333333332,76.9,95.74,E,5.741666666666667,0.0,29.82,,0,0,0,0,0,0,0,0,0,0,0,0,0,0,0,0,0,0,0,0
2017-08-04 04:00:00,12.3061,U189,78.26666666666667,76.78,96.11,E,5.983333333333333,0.0,29.79,,0,0,0,0,0,0,0,0,0,0,0,0,0,0,0,0,0,0,0,0
2017-08-04 04:15:00,12.3061,U189,78.1175,76.67,96.48,E,6.225,0.0,29.76,,0,0,0,0,0,0,0,0,0,0,0,0,0,0,0,0,0,0,0,0
2017-08-04 04:30:00,12.8531,U189,77.96833333333333,76.55,96.84,E,6.466666666666667,0.0,29.73,,0,0,0,0,0,0,0,0,0,0,0,0,0,0,0,0,0,0,0,0
2017-08-04 04:45:00,12.3061,U189,77.81916666666666,76.44,97.21,E,6.708333333333334,0.0,29.7,,0,0,0,0,0,0,0,0,0,0,0,0,0,0,0,0,0,0,0,0
2017-08-04 05:00:00,13.1266,U189,77.67,76.32,97.58,ENE,6.95,0.0,29.67,,0,0,0,0,0,0,0,0,0,0,0,0,0,0,0,0,0,0,0,0
2017-08-04 05:15:00,12.5796,U189,77.71916666666667,76.36,97.28,ENE,6.705,0.0,29.68,,0,0,0,0,0,0,0,0,0,0,0,0,0,0,0,0,0,0,0,0
2017-08-04 05:30:00,12.5796,U189,77.76833333333333,76.41,96.98,ENE,6.46,0.0,29.7,,0,0,0,0,0,0,0,0,0,0,0,0,0,0,0,0,0,0,0,0
2017-08-04 05:45:00,12.7163,U189,77.8175,76.46,96.68,ENE,6.215,0.0,29.71,,0,0,0,0,0,0,0,0,0,0,0,0,0,0,0,0,0,0,0,0
2017-08-04 06:00:00,13.2633,U189,77.86666666666667,76.5,96.39,ENE,5.97,0.0,29.72,,0,0,0,0,0,0,0,0,0,0,0,0,0,0,0,0,0,0,0,0
2017-08-04 06:15:00,12.3061,U189,77.91583333333334,76.54,96.09,ENE,5.725,0.0,29.74,,0,0,0,0,0,0,0,0,0,0,0,0,0,0,0,0,0,0,0,0
2017-08-04 06:30:00,12.0327,U189,77.965,76.59,95.79,ENE,5.48,0.0,29.75,,0,0,0,0,0,0,0,0,0,0,0,0,0,0,0,0,0,0,0,0
2017-08-04 06:45:00,12.0327,U189,78.01416666666667,76.63,95.49,ENE,5.235,0.0,29.76,,0,0,0,0,0,0,0,0,0,0,0,0,0,0,0,0,0,0,0,0
2017-08-04 07:00:00,15.5878,U189,78.06333333333333,76.68,95.19,ENE,4.99,0.0,29.78,,0,0,0,0,0,0,0,0,0,0,0,0,0,0,0,0,0,0,0,0
2017-08-04 07:15:00,19.5531,U189,78.11250000000001,76.72,94.9,ENE,4.745,0.0,29.79,,0,0,0,0,0,0,0,0,0,0,0,0,0,0,0,0,0,0,0,0
2017-08-04 07:30:00,30.4919,U189,78.16166666666668,76.77,94.6,ENE,4.5,0.0,29.8,,0,0,0,0,0,0,0,0,0,0,0,0,0,0,0,0,0,0,0,0
2017-08-04 07:45:00,57.0185,U189,78.21083333333334,76.82,94.3,ENE,4.255,0.0,29.82,,0,0,0,0,0,0,0,0,0,0,0,0,0,0,0,0,0,0,0,0
2017-08-04 08:00:00,242.7045,U189,78.26,76.86,94.0,ESE,4.01,0.0,29.83,,0,0,0,0,0,0,0,0,0,0,0,0,0,0,0,0,0,0,0,0
2017-08-04 08:15:00,254.6005,U189,78.65666666666667,76.99,93.41,ESE,4.013333333333333,0.0,29.77,,0,0,0,0,0,0,0,0,0,0,0,0,0,0,0,0,0,0,0,0
2017-08-04 08:30:00,254.7372,U189,79.05333333333334,77.11,92.81,ESE,4.016666666666667,0.0,29.72,,0,0,0,0,0,0,0,0,0,0,0,0,0,0,0,0,0,0,0,0
2017-08-04 08:45:00,213.9902,U189,79.45,77.24,92.22,ESE,4.02,0.0,29.66,,0,0,0,0,0,0,0,0,0,0,0,0,0,0,0,0,0,0,0,0
2017-08-04 09:00:00,266.3597,U189,79.84666666666666,77.36,91.63,ESE,4.023333333333333,0.0,29.6,,0,0,0,0,0,0,0,0,0,0,0,0,0,0,0,0,0,0,0,0
2017-08-04 09:15:00,259.7964,U189,80.24333333333334,77.49,91.03,ESE,4.026666666666666,0.0,29.54,,0,0,0,0,0,0,0,0,0,0,0,0,0,0,0,0,0,0,0,0
2017-08-04 09:30:00,336.6414,U189,80.64,77.62,90.44,ESE,4.029999999999999,0.0,29.48,,0,0,0,0,0,0,0,0,0,0,0,0,0,0,0,0,0,0,0,0
2017-08-04 09:45:00,361.6639,U189,81.03666666666666,77.74,89.85,ESE,4.033333333333333,0.0,29.43,,0,0,0,0,0,0,0,0,0,0,0,0,0,0,0,0,0,0,0,0
2017-08-04 10:00:00,376.0211,U189,81.43333333333334,77.87,89.25,ESE,4.036666666666666,0.0,29.37,,0,0,0,0,0,0,0,0,0,0,0,0,0,0,0,0,0,0,0,0
2017-08-04 10:15:00,347.3068,U189,81.83,77.99,88.66,ESE,4.04,0.0,29.31,,0,0,0,0,0,0,0,0,0,0,0,0,0,0,0,0,0,0,0,0
2017-08-04 10:30:00,283.9985,U189,82.22666666666666,78.12,88.07,ESE,4.043333333333333,0.0,29.26,,0,0,0,0,0,0,0,0,0,0,0,0,0,0,0,0,0,0,0,0
2017-08-04 10:45:00,304.9189,U189,82.62333333333333,78.24,87.47,ESE,4.046666666666667,0.0,29.2,,0,0,0,0,0,0,0,0,0,0,0,0,0,0,0,0,0,0,0,0
2017-08-04 11:00:00,319.6863,U189,83.02,78.37,86.88,E,4.05,0.0,29.14,,0,0,0,0,0,0,0,0,0,0,0,0,0,0,0,0,0,0,0,0
2017-08-04 11:15:00,290.5618,U189,83.21916666666667,78.54,86.9,E,3.875833333333333,0.0,29.17,,0,0,0,0,0,0,0,0,0,0,0,0,0,0,0,0,0,0,0,0
2017-08-04 11:30:00,212.8963,U189,83.41833333333332,78.71,86.92,E,3.701666666666666,0.0,29.21,,0,0,0,0,0,0,0,0,0,0,0,0,0,0,0,0,0,0,0,0
2017-08-04 11:45:00,35.2776,U189,83.61749999999999,78.88,86.94,E,3.5275,0.0,29.24,,0,0,0,0,0,0,0,0,0,0,0,0,0,0,0,0,0,0,0,0
2017-08-04 12:00:00,18.4592,U189,83.81666666666666,79.05,86.97,E,3.353333333333333,0.0,29.27,,0,0,0,0,0,0,0,0,0,0,0,0,0,0,0,0,0,0,0,0
2017-08-04 12:15:00,17.7755,U189,84.01583333333333,79.22,86.99,E,3.1791666666666663,0.0,29.31,,0,0,0,0,0,0,0,0,0,0,0,0,0,0,0,0,0,0,0,0
2017-08-04 12:30:00,18.4592,U189,84.215,79.39,87.01,E,3.005,0.0,29.34,,0,0,0,0,0,0,0,0,0,0,0,0,0,0,0,0,0,0,0,0
2017-08-04 12:45:00,18.049,U189,84.41416666666666,79.55,87.03,E,2.830833333333333,0.0,29.37,,0,0,0,0,0,0,0,0,0,0,0,0,0,0,0,0,0,0,0,0
2017-08-04 13:00:00,18.1857,U189,84.61333333333333,79.72,87.05,E,2.6566666666666663,0.0,29.41,,0,0,0,0,0,0,0,0,0,0,0,0,0,0,0,0,0,0,0,0
2017-08-04 13:15:00,17.0919,U189,84.8125,79.89,87.08,E,2.4825,0.0,29.44,,0,0,0,0,0,0,0,0,0,0,0,0,0,0,0,0,0,0,0,0
2017-08-04 13:30:00,21.1939,U189,85.01166666666666,80.06,87.1,E,2.308333333333333,0.0,29.47,,0,0,0,0,0,0,0,0,0,0,0,0,0,0,0,0,0,0,0,0
2017-08-04 13:45:00,115.541,U189,85.21083333333333,80.23,87.12,E,2.1341666666666663,0.0,29.51,,0,0,0,0,0,0,0,0,0,0,0,0,0,0,0,0,0,0,0,0
2017-08-04 14:00:00,300.1332,U189,85.41,80.4,87.14,ESE,1.96,0.0,29.54,,0,0,0,0,0,0,0,0,0,0,0,0,0,0,0,0,0,0,0,0
2017-08-04 14:15:00,223.5616,U189,85.41166666666666,80.16,86.94,ESE,1.9641666666666664,0.0,29.55,,0,0,0,0,0,0,0,0,0,0,0,0,0,0,0,0,0,0,0,0
2017-08-04 14:30:00,290.1516,U189,85.41333333333333,79.91,86.73,ESE,1.9683333333333333,0.0,29.56,,0,0,0,0,0,0,0,0,0,0,0,0,0,0,0,0,0,0,0,0
2017-08-04 14:45:00,328.9843,U189,85.41499999999999,79.67,86.53,ESE,1.9725,0.0,29.57,,0,0,0,0,0,0,0,0,0,0,0,0,0,0,0,0,0,0,0,0
2017-08-04 15:00:00,341.017,U189,85.41666666666667,79.42,86.32,ESE,1.9766666666666663,0.0,29.58,,0,0,0,0,0,0,0,0,0,0,0,0,0,0,0,0,0,0,0,0
2017-08-04 15:15:00,397.3518,U189,85.41833333333334,79.18,86.12,ESE,1.9808333333333328,0.0,29.59,,0,0,0,0,0,0,0,0,0,0,0,0,0,0,0,0,0,0,0,0
2017-08-04 15:30:00,320.9169,U189,85.42,78.93,85.92,ESE,1.985,0.0,29.6,,0,0,0,0,0,0,0,0,0,0,0,0,0,0,0,0,0,0,0,0
2017-08-04 15:45:00,309.021,U189,85.42166666666667,78.68,85.71,ESE,1.9891666666666663,0.0,29.62,,0,0,0,0,0,0,0,0,0,0,0,0,0,0,0,0,0,0,0,0
2017-08-04 16:00:00,277.1617,U189,85.42333333333333,78.44,85.51,ESE,1.9933333333333327,0.0,29.63,,0,0,0,0,0,0,0,0,0,0,0,0,0,0,0,0,0,0,0,0
2017-08-04 16:15:00,275.9311,U189,85.42500000000001,78.19,85.3,ESE,1.9975,0.0,29.64,,0,0,0,0,0,0,0,0,0,0,0,0,0,0,0,0,0,0,0,0
2017-08-04 16:30:00,299.1761,U189,85.42666666666668,77.95,85.1,ESE,2.0016666666666665,0.0,29.65,,0,0,0,0,0,0,0,0,0,0,0,0,0,0,0,0,0,0,0,0
2017-08-04 16:45:00,332.8129,U189,85.42833333333334,77.7,84.89,ESE,2.0058333333333334,0.0,29.66,,0,0,0,0,0,0,0,0,0,0,0,0,0,0,0,0,0,0,0,0
2017-08-04 17:00:00,309.4312,U189,85.43,77.46,84.69,SSE,2.01,0.0,29.67,,0,0,0,0,0,0,0,0,0,0,0,0,0,0,0,0,0,0,0,0
2017-08-04 17:15:00,293.9801,U189,84.98666666666668,77.4,84.98,SSE,2.181666666666666,0.0,29.69,,0,0,0,0,0,0,0,0,0,0,0,0,0,0,0,0,0,0,0,0
2017-08-04 17:30:00,286.4597,U189,84.54333333333334,77.33,85.26,SSE,2.353333333333333,0.0,29.7,,0,0,0,0,0,0,0,0,0,0,0,0,0,0,0,0,0,0,0,0
2017-08-04 17:45:00,264.5821,U189,84.10000000000001,77.27,85.55,SSE,2.525,0.0,29.72,,0,0,0,0,0,0,0,0,0,0,0,0,0,0,0,0,0,0,0,0
2017-08-04 18:00:00,108.7043,U189,83.65666666666667,77.21,85.83,SSE,2.6966666666666668,0.0,29.74,,0,0,0,0,0,0,0,0,0,0,0,0,0,0,0,0,0,0,0,0
2017-08-04 18:15:00,14.7674,U189,83.21333333333334,77.14,86.12,SSE,2.868333333333333,0.0,29.76,,0,0,0,0,0,0,0,0,0,0,0,0,0,0,0,0,0,0,0,0
2017-08-04 18:30:00,15.998,U189,82.77000000000001,77.08,86.4,SSE,3.04,0.0,29.78,,0,0,0,0,0,0,0,0,0,0,0,0,0,0,0,0,0,0,0,0
2017-08-04 18:45:00,15.998,U189,82.32666666666667,77.02,86.69,SSE,3.211666666666667,0.0,29.79,,0,0,0,0,0,0,0,0,0,0,0,0,0,0,0,0,0,0,0,0
2017-08-04 19:00:00,16.4082,U189,81.88333333333334,76.95,86.98,SSE,3.3833333333333337,0.0,29.81,,0,0,0,0,0,0,0,0,0,0,0,0,0,0,0,0,0,0,0,0
2017-08-04 19:15:00,15.451,U189,81.44,76.89,87.26,SSE,3.555,0.0,29.83,,0,0,0,0,0,0,0,0,0,0,0,0,0,0,0,0,0,0,0,0
2017-08-04 19:30:00,15.7245,U189,80.99666666666667,76.83,87.55,SSE,3.726666666666667,0.0,29.84,,0,0,0,0,0,0,0,0,0,0,0,0,0,0,0,0,0,0,0,0
2017-08-04 19:45:00,16.6817,U189,80.55333333333333,76.76,87.83,SSE,3.898333333333333,0.0,29.86,,0,0,0,0,0,0,0,0,0,0,0,0,0,0,0,0,0,0,0,0
2017-08-04 20:00:00,16.1347,U189,80.11,76.7,88.12,SE,4.07,0.0,29.88,,0,0,0,0,0,0,0,0,0,0,0,0,0,0,0,0,0,0,0,0
2017-08-04 20:15:00,16.4082,U189,80.20833333333333,76.78,88.42,SE,4.49,0.0,29.82,,0,0,0,0,0,0,0,0,0,0,0,0,0,0,0,0,0,0,0,0
2017-08-04 20:30:00,15.0408,U189,80.30666666666667,76.86,88.72,SE,4.91,0.0,29.75,,0,0,0,0,0,0,0,0,0,0,0,0,0,0,0,0,0,0,0,0
2017-08-04 20:45:00,15.0408,U189,80.405,76.94,89.02,SE,5.33,0.0,29.68,,0,0,0,0,0,0,0,0,0,0,0,0,0,0,0,0,0,0,0,0
2017-08-04 21:00:00,15.7245,U189,80.50333333333333,77.02,89.32,SE,5.75,0.0,29.62,,0,0,0,0,0,0,0,0,0,0,0,0,0,0,0,0,0,0,0,0
2017-08-04 21:15:00,14.3572,U189,80.60166666666667,77.1,89.62,SE,6.17,0.0,29.56,,0,0,0,0,0,0,0,0,0,0,0,0,0,0,0,0,0,0,0,0
2017-08-04 21:30:00,13.947,U189,80.7,77.18,89.92,SE,6.59,0.0,29.49,,0,0,0,0,0,0,0,0,0,0,0,0,0,0,0,0,0,0,0,0
2017-08-04 21:45:00,15.0408,U189,80.79833333333333,77.26,90.21,SE,7.01,0.0,29.42,,0,0,0,0,0,0,0,0,0,0,0,0,0,0,0,0,0,0,0,0
2017-08-04 22:00:00,14.7674,U189,80.89666666666668,77.34,90.51,SE,7.43,0.0,29.36,,0,0,0,0,0,0,0,0,0,0,0,0,0,0,0,0,0,0,0,0
2017-08-04 22:15:00,13.4,U189,80.995,77.42,90.81,SE,7.85,0.0,29.3,,0,0,0,0,0,0,0,0,0,0,0,0,0,0,0,0,0,0,0,0
2017-08-04 22:30:00,13.2633,U189,81.09333333333333,77.5,91.11,SE,8.27,0.0,29.23,,0,0,0,0,0,0,0,0,0,0,0,0,0,0,0,0,0,0,0,0
2017-08-04 22:45:00,12.9898,U189,81.19166666666668,77.58,91.41,SE,8.69,0.0,29.17,,0,0,0,0,0,0,0,0,0,0,0,0,0,0,0,0,0,0,0,0
2017-08-04 23:00:00,12.9898,U189,81.29,77.66,91.71,SE,9.11,0.0,29.1,,0,0,0,0,0,0,0,0,0,0,0,0,0,0,0,0,0,0,0,0
2017-08-04 23:15:00,12.9898,U189,81.07416666666667,77.6,91.82,SE,8.683333333333334,0.0,29.16,,0,0,0,0,0,0,0,0,0,0,0,0,0,0,0,0,0,0,0,0
2017-08-04 23:30:00,12.9898,U189,80.85833333333333,77.54,91.92,SE,8.256666666666666,0.0,29.22,,0,0,0,0,0,0,0,0,0,0,0,0,0,0,0,0,0,0,0,0
2017-08-04 23:45:00,12.9898,U189,80.64250000000001,77.48,92.03,SE,7.83,0.0,29.29,,0,0,0,0,0,0,0,0,0,0,0,0,0,0,0,0,0,0,0,0
2017-08-05 00:00:00,13.4,U189,80.42666666666668,77.42,92.13,SE,7.403333333333333,0.0,29.35,,0,0,0,0,0,0,0,0,0,0,0,0,0,0,0,0,0,0,0,0
2017-08-05 00:15:00,12.8531,U189,80.21083333333334,77.36,92.24,SE,6.976666666666667,0.0,29.41,,0,0,0,0,0,0,0,0,0,0,0,0,0,0,0,0,0,0,0,0
2017-08-05 00:30:00,13.4,U189,79.995,77.3,92.34,SE,6.55,0.0,29.48,,0,0,0,0,0,0,0,0,0,0,0,0,0,0,0,0,0,0,0,0
2017-08-05 00:45:00,12.9898,U189,79.77916666666667,77.23,92.45,SE,6.123333333333333,0.0,29.54,,0,0,0,0,0,0,0,0,0,0,0,0,0,0,0,0,0,0,0,0
2017-08-05 01:00:00,12.7163,U189,79.56333333333333,77.17,92.56,SE,5.696666666666667,0.0,29.6,,0,0,0,0,0,0,0,0,0,0,0,0,0,0,0,0,0,0,0,0
2017-08-05 01:15:00,12.8531,U189,79.3475,77.11,92.66,SE,5.27,0.0,29.66,,0,0,0,0,0,0,0,0,0,0,0,0,0,0,0,0,0,0,0,0
2017-08-05 01:30:00,12.7163,U189,79.13166666666667,77.05,92.77,SE,4.843333333333334,0.0,29.72,,0,0,0,0,0,0,0,0,0,0,0,0,0,0,0,0,0,0,0,0
2017-08-05 01:45:00,13.2633,U189,78.91583333333334,76.99,92.87,SE,4.416666666666667,0.0,29.79,,0,0,0,0,0,0,0,0,0,0,0,0,0,0,0,0,0,0,0,0
2017-08-05 02:00:00,13.1266,U189,78.7,76.93,92.98,E,3.99,0.0,29.85,,0,0,0,0,0,0,0,0,0,0,0,0,0,0,0,0,0,0,0,0
2017-08-05 02:15:00,12.8531,U189,78.805,77.01,93.06,E,3.985833333333333,0.0,29.8,,0,0,0,0,0,0,0,0,0,0,0,0,0,0,0,0,0,0,0,0
2017-08-05 02:30:00,13.4,U189,78.91,77.1,93.13,E,3.981666666666667,0.0,29.75,,0,0,0,0,0,0,0,0,0,0,0,0,0,0,0,0,0,0,0,0
2017-08-05 02:45:00,12.9898,U189,79.015,77.18,93.2,E,3.9775,0.0,29.7,,0,0,0,0,0,0,0,0,0,0,0,0,0,0,0,0,0,0,0,0
2017-08-05 03:00:00,12.7163,U189,79.12,77.26,93.28,E,3.9733333333333336,0.0,29.66,,0,0,0,0,0,0,0,0,0,0,0,0,0,0,0,0,0,0,0,0
2017-08-05 03:15:00,12.8531,U189,79.225,77.35,93.36,E,3.9691666666666654,0.0,29.61,,0,0,0,0,0,0,0,0,0,0,0,0,0,0,0,0,0,0,0,0
2017-08-05 03:30:00,13.1266,U189,79.33,77.43,93.43,E,3.965,0.0,29.56,,0,0,0,0,0,0,0,0,0,0,0,0,0,0,0,0,0,0,0,0
2017-08-05 03:45:00,13.2633,U189,79.435,77.51,93.5,E,3.960833333333333,0.0,29.51,,0,0,0,0,0,0,0,0,0,0,0,0,0,0,0,0,0,0,0,0
2017-08-05 04:00:00,12.7163,U189,79.53999999999999,77.6,93.58,E,3.9566666666666666,0.0,29.46,,0,0,0,0,0,0,0,0,0,0,0,0,0,0,0,0,0,0,0,0
2017-08-05 04:15:00,12.8531,U189,79.645,77.68,93.66,E,3.9525,0.0,29.42,,0,0,0,0,0,0,0,0,0,0,0,0,0,0,0,0,0,0,0,0
2017-08-05 04:30:00,12.7163,U189,79.75,77.76,93.73,E,3.948333333333333,0.0,29.37,,0,0,0,0,0,0,0,0,0,0,0,0,0,0,0,0,0,0,0,0
2017-08-05 04:45:00,12.9898,U189,79.85499999999999,77.85,93.8,E,3.944166666666667,0.0,29.32,,0,0,0,0,0,0,0,0,0,0,0,0,0,0,0,0,0,0,0,0
2017-08-05 05:00:00,12.9898,U189,79.96,77.93,93.88,ENE,3.94,0.0,29.27,,0,0,0,0,0,0,0,0,0,0,0,0,0,0,0,0,0,0,0,0
2017-08-05 05:15:00,12.3061,U189,80.14666666666666,78.12,93.6,ENE,3.7766666666666655,0.0,29.34,,0,0,0,0,0,0,0,0,0,0,0,0,0,0,0,0,0,0,0,0
2017-08-05 05:30:00,12.9898,U189,80.33333333333333,78.31,93.32,ENE,3.613333333333333,0.0,29.41,,0,0,0,0,0,0,0,0,0,0,0,0,0,0,0,0,0,0,0,0
2017-08-05 05:45:00,12.9898,U189,80.52,78.5,93.04,ENE,3.45,0.0,29.48,,0,0,0,0,0,0,0,0,0,0,0,0,0,0,0,0,0,0,0,0
2017-08-05 06:00:00,12.9898,U189,80.70666666666666,78.68,92.76,ENE,3.286666666666666,0.0,29.55,,0,0,0,0,0,0,0,0,0,0,0,0,0,0,0,0,0,0,0,0
2017-08-05 06:15:00,12.9898,U189,80.89333333333333,78.87,92.48,ENE,3.123333333333333,0.0,29.62,,0,0,0,0,0,0,0,0,0,0,0,0,0,0,0,0,0,0,0,0
2017-08-05 06:30:00,12.7163,U189,81.08,79.06,92.2,ENE,2.96,0.0,29.69,,0,0,0,0,0,0,0,0,0,0,0,0,0,0,0,0,0,0,0,0
2017-08-05 06:45:00,11.8959,U189,81.26666666666667,79.25,91.91,ENE,2.796666666666667,0.0,29.76,,0,0,0,0,0,0,0,0,0,0,0,0,0,0,0,0,0,0,0,0
2017-08-05 07:00:00,11.6225,U189,81.45333333333333,79.44,91.63,ENE,2.6333333333333333,0.0,29.83,,0,0,0,0,0,0,0,0,0,0,0,0,0,0,0,0,0,0,0,0
2017-08-05 07:15:00,14.7674,U189,81.64,79.62,91.35,ENE,2.47,0.0,29.9,,0,0,0,0,0,0,0,0,0,0,0,0,0,0,0,0,0,0,0,0
2017-08-05 07:30:00,37.8756,U189,81.82666666666667,79.81,91.07,ENE,2.306666666666666,0.0,29.97,,0,0,0,0,0,0,0,0,0,0,0,0,0,0,0,0,0,0,0,0
2017-08-05 07:45:00,81.0838,U189,82.01333333333334,80.0,90.79,ENE,2.143333333333333,0.0,30.04,,0,0,0,0,0,0,0,0,0,0,0,0,0,0,0,0,0,0,0,0
2017-08-05 08:00:00,242.5678,U189,82.2,80.19,90.51,ESE,1.98,0.0,30.11,,0,0,0,0,0,0,0,0,0,0,0,0,0,0,0,0,0,0,0,0
2017-08-05 08:15:00,286.1862,U189,82.52000000000001,79.96,89.21,ESE,2.1441666666666666,0.0,30.08,,0,0,0,0,0,0,0,0,0,0,0,0,0,0,0,0,0,0,0,0
2017-08-05 08:30:00,288.9209,U189,82.84,79.73,87.91,ESE,2.3083333333333336,0.0,30.04,,0,0,0,0,0,0,0,0,0,0,0,0,0,0,0,0,0,0,0,0
2017-08-05 08:45:00,330.0782,U189,83.16,79.5,86.61,ESE,2.4725,0.0,30.01,,0,0,0,0,0,0,0,0,0,0,0,0,0,0,0,0,0,0,0,0
2017-08-05 09:00:00,321.0537,U189,83.48,79.26,85.31,ESE,2.6366666666666667,0.0,29.98,,0,0,0,0,0,0,0,0,0,0,0,0,0,0,0,0,0,0,0,0
2017-08-05 09:15:00,312.0291,U189,83.80000000000001,79.03,84.01,ESE,2.8008333333333333,0.0,29.94,,0,0,0,0,0,0,0,0,0,0,0,0,0,0,0,0,0,0,0,0
2017-08-05 09:30:00,247.4903,U189,84.12,78.8,82.71,ESE,2.965,0.0,29.91,,0,0,0,0,0,0,0,0,0,0,0,0,0,0,0,0,0,0,0,0
2017-08-05 09:45:00,219.1861,U189,84.44,78.57,81.41,ESE,3.129166666666667,0.0,29.88,,0,0,0,0,0,0,0,0,0,0,0,0,0,0,0,0,0,0,0,0
2017-08-05 10:00:00,302.8679,U189,84.76,78.34,80.11,ESE,3.293333333333333,0.0,29.84,,0,0,0,0,0,0,0,0,0,0,0,0,0,0,0,0,0,0,0,0
2017-08-05 10:15:00,329.2577,U189,85.08000000000001,78.1,78.81,ESE,3.4575,0.0,29.81,,0,0,0,0,0,0,0,0,0,0,0,0,0,0,0,0,0,0,0,0
2017-08-05 10:30:00,290.1516,U189,85.4,77.87,77.51,ESE,3.621666666666667,0.0,29.78,,0,0,0,0,0,0,0,0,0,0,0,0,0,0,0,0,0,0,0,0
2017-08-05 10:45:00,270.4617,U189,85.72,77.64,76.21,ESE,3.7858333333333336,0.0,29.74,,0,0,0,0,0,0,0,0,0,0,0,0,0,0,0,0,0,0,0,0
2017-08-05 11:00:00,249.4045,U189,86.04,77.41,74.91,N,3.95,0.0,29.71,,0,0,0,0,0,0,0,0,0,0,0,0,0,0,0,0,0,0,0,0
2017-08-05 11:15:00,271.5556,U189,86.26083333333334,77.74,74.75,N,4.375,0.0,29.72,,0,0,0,0,0,0,0,0,0,0,0,0,0,0,0,0,0,0,0,0
2017-08-05 11:30:00,268.5474,U189,86.48166666666667,78.07,74.6,N,4.800000000000001,0.0,29.72,,0,0,0,0,0,0,0,0,0,0,0,0,0,0,0,0,0,0,0,0
2017-08-05 11:45:00,88.8777,U189,86.7025,78.4,74.44,N,5.2250000000000005,0.0,29.73,,0,0,0,0,0,0,0,0,0,0,0,0,0,0,0,0,0,0,0,0
2017-08-05 12:00:00,23.2449,U189,86.92333333333333,78.73,74.28,N,5.65,0.0,29.74,,0,0,0,0,0,0,0,0,0,0,0,0,0,0,0,0,0,0,0,0
2017-08-05 12:15:00,23.6551,U189,87.14416666666666,79.06,74.13,N,6.075,0.0,29.75,,0,0,0,0,0,0,0,0,0,0,0,0,0,0,0,0,0,0,0,0
2017-08-05 12:30:00,22.8347,U189,87.36500000000001,79.38,73.97,N,6.5,0.0,29.76,,0,0,0,0,0,0,0,0,0,0,0,0,0,0,0,0,0,0,0,0
2017-08-05 12:45:00,22.2878,U189,87.58583333333334,79.71,73.81,N,6.925000000000001,0.0,29.76,,0,0,0,0,0,0,0,0,0,0,0,0,0,0,0,0,0,0,0,0
2017-08-05 13:00:00,21.8776,U189,87.80666666666667,80.04,73.66,N,7.35,0.0,29.77,,0,0,0,0,0,0,0,0,0,0,0,0,0,0,0,0,0,0,0,0
2017-08-05 13:15:00,21.8776,U189,88.0275,80.37,73.5,N,7.775,0.0,29.78,,0,0,0,0,0,0,0,0,0,0,0,0,0,0,0,0,0,0,0,0
2017-08-05 13:30:00,33.2266,U189,88.24833333333333,80.7,73.34,N,8.2,0.0,29.78,,0,0,0,0,0,0,0,0,0,0,0,0,0,0,0,0,0,0,0,0
2017-08-05 13:45:00,148.6309,U189,88.46916666666667,81.03,73.19,N,8.625,0.0,29.79,,0,0,0,0,0,0,0,0,0,0,0,0,0,0,0,0,0,0,0,0
2017-08-05 14:00:00,269.3678,U189,88.69,81.36,73.03,WSW,9.05,0.0,29.8,,0,0,0,0,0,0,0,0,0,0,0,0,0,0,0,0,0,0,0,0
2017-08-05 14:15:00,330.4884,U189,88.80666666666667,81.03,72.76,WSW,9.200833333333334,0.0,29.81,,0,0,0,0,0,0,0,0,0,0,0,0,0,0,0,0,0,0,0,0
2017-08-05 14:30:00,350.4517,U189,88.92333333333333,80.71,72.5,WSW,9.351666666666668,0.0,29.83,,0,0,0,0,0,0,0,0,0,0,0,0,0,0,0,0,0,0,0,0
2017-08-05 14:45:00,453.2763,U189,89.03999999999999,80.38,72.24,WSW,9.5025,0.0,29.84,,0,0,0,0,0,0,0,0,0,0,0,0,0,0,0,0,0,0,0,0
2017-08-05 15:00:00,427.7069,U189,89.15666666666667,80.06,71.97,WSW,9.653333333333334,0.0,29.86,,0,0,0,0,0,0,0,0,0,0,0,0,0,0,0,0,0,0,0,0
2017-08-05 15:15:00,436.4579,U189,89.27333333333334,79.73,71.7,WSW,9.804166666666667,0.0,29.87,,0,0,0,0,0,0,0,0,0,0,0,0,0,0,0,0,0,0,0,0
2017-08-05 15:30:00,112.79492708333332,U189,89.39,79.4,71.44,WSW,9.955,0.0,29.88,,0,0,0,0,0,0,0,0,0,0,0,0,0,0,0,0,0,0,0,0
2017-08-05 15:45:00,110.62698986545138,U189,89.50666666666666,79.08,71.18,WSW,10.105833333333331,0.0,29.9,,0,0,0,0,0,0,0,0,0,0,0,0,0,0,0,0,0,0,0,0
2017-08-05 16:00:00,427.2967,U189,89.62333333333333,78.75,70.91,WSW,10.256666666666666,0.0,29.91,,0,0,0,0,0,0,0,0,0,0,0,0,0,0,0,0,0,0,0,0
2017-08-05 16:15:00,452.1825,U189,89.74000000000001,78.43,70.64,WSW,10.4075,0.0,29.93,,0,0,0,0,0,0,0,0,0,0,0,0,0,0,0,0,0,0,0,0
2017-08-05 16:30:00,431.5355,U189,89.85666666666667,78.1,70.38,WSW,10.558333333333334,0.0,29.94,,0,1,0,0,0,0,0,0,0,0,0,0,0,0,0,0,0,0,0,0
2017-08-05 16:45:00,442.611,U189,89.97333333333333,77.78,70.11,WSW,10.709166666666668,0.0,29.96,,0,1,0,0,0,0,0,0,0,0,0,0,0,0,0,0,0,0,0,0
2017-08-05 17:00:00,374.6538,U189,90.09,77.45,69.85,SSE,10.86,0.0,29.97,,0,1,0,0,0,0,0,0,0,0,0,0,0,0,0,0,0,0,0,0
2017-08-05 17:15:00,334.0435,U189,89.48416666666667,77.38,70.73,SSE,10.535833333333333,0.0,29.9,,0,1,0,0,0,0,0,0,0,0,0,0,0,0,0,0,0,0,0,0
2017-08-05 17:30:00,430.3049,U189,88.87833333333333,77.32,71.61,SSE,10.211666666666666,0.0,29.83,,0,1,0,0,0,0,0,0,0,0,0,0,0,0,0,0,0,0,0,0
2017-08-05 17:45:00,415.6742,U189,88.27250000000001,77.25,72.49,SSE,9.8875,0.0,29.76,,0,1,0,0,0,0,0,0,0,0,0,0,0,0,0,0,0,0,0,0
2017-08-05 18:00:00,151.7758,U189,87.66666666666667,77.19,73.37,SSE,9.563333333333333,0.0,29.69,,0,0,0,0,0,0,0,0,0,0,0,0,0,0,0,0,0,0,0,0
2017-08-05 18:15:00,12.9898,U189,87.06083333333333,77.12,74.25,SSE,9.239166666666666,0.0,29.62,,0,0,0,0,0,0,0,0,0,0,0,0,0,0,0,0,0,0,0,0
2017-08-05 18:30:00,14.3572,U189,86.455,77.06,75.13,SSE,8.915,0.0,29.56,,0,0,0,0,0,0,0,0,0,0,0,0,0,0,0,0,0,0,0,0
2017-08-05 18:45:00,14.6306,U189,85.84916666666666,76.99,76.01,SSE,8.590833333333332,0.0,29.49,,0,0,0,0,0,0,0,0,0,0,0,0,0,0,0,0,0,0,0,0
2017-08-05 19:00:00,15.8613,U189,85.24333333333333,76.92,76.89,SSE,8.266666666666666,0.0,29.42,,0,0,0,0,0,0,0,0,0,0,0,0,0,0,0,0,0,0,0,0
2017-08-05 19:15:00,16.4082,U189,84.63749999999999,76.86,77.77,SSE,7.942499999999999,0.0,29.35,,0,0,0,0,0,0,0,0,0,0,0,0,0,0,0,0,0,0,0,0
2017-08-05 19:30:00,16.4082,U189,84.03166666666667,76.79,78.65,SSE,7.618333333333332,0.0,29.28,,0,0,0,0,0,0,0,0,0,0,0,0,0,0,0,0,0,0,0,0
2017-08-05 19:45:00,15.998,U189,83.42583333333333,76.73,79.53,SSE,7.294166666666666,0.0,29.21,,0,0,0,0,0,0,0,0,0,0,0,0,0,0,0,0,0,0,0,0
2017-08-05 20:00:00,14.6306,U189,82.82,76.66,80.41,SE,6.97,0.0,29.14,,0,0,0,0,0,0,0,0,0,0,0,0,0,0,0,0,0,0,0,0
2017-08-05 20:15:00,14.0837,U189,82.91583333333332,76.87,81.1,SE,6.960833333333333,0.0,29.18,,0,0,0,0,0,0,0,0,0,0,0,0,0,0,0,0,0,0,0,0
2017-08-05 20:30:00,12.9898,U189,83.01166666666666,77.07,81.78,SE,6.951666666666666,0.0,29.23,,0,0,0,0,0,0,0,0,0,0,0,0,0,0,0,0,0,0,0,0
2017-08-05 20:45:00,13.4,U189,83.10749999999999,77.28,82.46,SE,6.9425,0.0,29.27,,0,0,0,0,0,0,0,0,0,0,0,0,0,0,0,0,0,0,0,0
2017-08-05 21:00:00,13.2633,U189,83.20333333333333,77.48,83.15,SE,6.933333333333334,0.0,29.31,,0,0,0,0,0,0,0,0,0,0,0,0,0,0,0,0,0,0,0,0
2017-08-05 21:15:00,12.9898,U189,83.29916666666666,77.69,83.84,SE,6.924166666666666,0.0,29.36,,0,0,0,0,0,0,0,0,0,0,0,0,0,0,0,0,0,0,0,0
2017-08-05 21:30:00,12.0327,U189,83.395,77.9,84.52,SE,6.915,0.0,29.4,,0,0,0,0,0,0,0,0,0,0,0,0,0,0,0,0,0,0,0,0
2017-08-05 21:45:00,11.8959,U189,83.49083333333333,78.1,85.2,SE,6.905833333333334,0.0,29.44,,0,0,0,0,0,0,0,0,0,0,0,0,0,0,0,0,0,0,0,0
2017-08-05 22:00:00,11.6225,U189,83.58666666666666,78.31,85.89,SE,6.8966666666666665,0.0,29.49,,0,0,0,0,0,0,0,0,0,0,0,0,0,0,0,0,0,0,0,0
2017-08-05 22:15:00,12.3061,U189,83.6825,78.51,86.57,SE,6.8875,0.0,29.53,,0,0,0,0,0,0,0,0,0,0,0,0,0,0,0,0,0,0,0,0
2017-08-05 22:30:00,12.5796,U189,83.77833333333334,78.72,87.26,SE,6.878333333333334,0.0,29.57,,0,0,0,0,0,0,0,0,0,0,0,0,0,0,0,0,0,0,0,0
2017-08-05 22:45:00,12.7163,U189,83.87416666666667,78.92,87.94,SE,6.869166666666667,0.0,29.62,,0,0,0,0,0,0,0,0,0,0,0,0,0,0,0,0,0,0,0,0
2017-08-05 23:00:00,11.8959,U189,83.97,79.13,88.63,SE,6.86,0.0,29.66,,0,0,0,0,0,0,0,0,0,0,0,0,0,0,0,0,0,0,0,0
2017-08-05 23:15:00,12.0327,U189,83.72833333333332,79.08,88.7,SE,6.455,0.0,29.7,,0,0,0,0,0,0,0,0,0,0,0,0,0,0,0,0,0,0,0,0
2017-08-05 23:30:00,11.6225,U189,83.48666666666666,79.04,88.76,SE,6.050000000000001,0.0,29.74,,0,0,0,0,0,0,0,0,0,0,0,0,0,0,0,0,0,0,0,0
2017-08-05 23:45:00,11.349,U189,83.245,78.99,88.83,SE,5.6450000000000005,0.0,29.78,,0,0,0,0,0,0,0,0,0,0,0,0,0,0,0,0,0,0,0,0
2017-08-06 00:00:00,10.9388,U189,83.00333333333333,78.94,88.89,SE,5.24,0.0,29.83,,0,0,0,0,0,0,0,0,0,0,0,0,0,0,0,0,0,0,0,0
2017-08-06 00:15:00,10.9388,U189,82.76166666666666,78.9,88.96,SE,4.835,0.0,29.87,,0,0,0,0,0,0,0,0,0,0,0,0,0,0,0,0,0,0,0,0
2017-08-06 00:30:00,10.1184,U189,82.52,78.85,89.02,SE,4.43,0.0,29.91,,0,0,0,0,0,0,0,0,0,0,0,0,0,0,0,0,0,0,0,0
2017-08-06 00:45:00,10.6653,U189,82.27833333333334,78.8,89.09,SE,4.025,0.0,29.95,,0,0,0,0,0,0,0,0,0,0,0,0,0,0,0,0,0,0,0,0
2017-08-06 01:00:00,10.6653,U189,82.03666666666666,78.76,89.16,SE,3.62,0.0,29.99,,0,0,0,0,0,0,0,0,0,0,0,0,0,0,0,0,0,0,0,0
2017-08-06 01:15:00,10.5286,U189,81.79499999999999,78.71,89.22,SE,3.215,0.0,30.04,,0,0,0,0,0,0,0,0,0,0,0,0,0,0,0,0,0,0,0,0
2017-08-06 01:30:00,10.9388,U189,81.55333333333333,78.66,89.29,SE,2.81,0.0,30.08,,0,0,0,0,0,0,0,0,0,0,0,0,0,0,0,0,0,0,0,0
2017-08-06 01:45:00,10.2551,U189,81.31166666666667,78.62,89.35,SE,2.405,0.0,30.12,,0,0,0,0,0,0,0,0,0,0,0,0,0,0,0,0,0,0,0,0
2017-08-06 02:00:00,9.8449,U189,81.07,78.57,89.42,WSW,2.0,0.0,30.16,,0,0,0,0,0,0,0,0,0,0,0,0,0,0,0,0,0,0,0,0
2017-08-06 02:15:00,10.3919,U189,81.24916666666667,78.59,89.44,WSW,2.1691666666666665,0.0,30.07,,0,0,0,0,0,0,0,0,0,0,0,0,0,0,0,0,0,0,0,0
2017-08-06 02:30:00,9.8449,U189,81.42833333333333,78.62,89.46,WSW,2.3383333333333334,0.0,29.97,,0,0,0,0,0,0,0,0,0,0,0,0,0,0,0,0,0,0,0,0
2017-08-06 02:45:00,9.5714,U189,81.60749999999999,78.64,89.48,WSW,2.5075000000000003,0.0,29.88,,0,0,0,0,0,0,0,0,0,0,0,0,0,0,0,0,0,0,0,0
2017-08-06 03:00:00,9.8449,U189,81.78666666666666,78.67,89.5,WSW,2.6766666666666667,0.0,29.79,,0,0,0,0,0,0,0,0,0,0,0,0,0,0,0,0,0,0,0,0
2017-08-06 03:15:00,9.5714,U189,81.96583333333334,78.69,89.52,WSW,2.845833333333333,0.0,29.69,,0,0,0,0,0,0,0,0,0,0,0,0,0,0,0,0,0,0,0,0
2017-08-06 03:30:00,10.3919,U189,82.145,78.72,89.54,WSW,3.015,0.0,29.6,,0,0,0,0,0,0,0,0,0,0,0,0,0,0,0,0,0,0,0,0
2017-08-06 03:45:00,9.1612,U189,82.32416666666666,78.74,89.55,WSW,3.184166666666667,0.0,29.51,,0,0,0,0,0,0,0,0,0,0,0,0,0,0,0,0,0,0,0,0
2017-08-06 04:00:00,9.5714,U189,82.50333333333333,78.76,89.57,WSW,3.353333333333333,0.0,29.41,,0,0,0,0,0,0,0,0,0,0,0,0,0,0,0,0,0,0,0,0
2017-08-06 04:15:00,9.5714,U189,82.6825,78.79,89.59,WSW,3.5225,0.0,29.32,,0,0,0,0,0,0,0,0,0,0,0,0,0,0,0,0,0,0,0,0
2017-08-06 04:30:00,10.2551,U189,82.86166666666666,78.81,89.61,WSW,3.691666666666667,0.0,29.23,,0,0,0,0,0,0,0,0,0,0,0,0,0,0,0,0,0,0,0,0
2017-08-06 04:45:00,9.5714,U189,83.04083333333332,78.84,89.63,WSW,3.860833333333334,0.0,29.13,,0,0,0,0,0,0,0,0,0,0,0,0,0,0,0,0,0,0,0,0
2017-08-06 05:00:00,9.5714,U189,83.22,78.86,89.65,SW,4.03,0.0,29.04,,0,0,0,0,0,0,0,0,0,0,0,0,0,0,0,0,0,0,0,0
2017-08-06 05:15:00,9.5714,U189,83.40916666666666,78.84,89.08,SW,4.024166666666667,0.0,29.05,,0,0,0,0,0,0,0,0,0,0,0,0,0,0,0,0,0,0,0,0
2017-08-06 05:30:00,10.2551,U189,83.59833333333333,78.82,88.51,SW,4.0183333333333335,0.0,29.06,,0,0,0,0,0,0,0,0,0,0,0,0,0,0,0,0,0,0,0,0
2017-08-06 05:45:00,10.2551,U189,83.7875,78.79,87.94,SW,4.0125,0.0,29.08,,0,0,0,0,0,0,0,0,0,0,0,0,0,0,0,0,0,0,0,0
2017-08-06 06:00:00,9.8449,U189,83.97666666666666,78.77,87.37,SW,4.006666666666667,0.0,29.09,,0,0,0,0,0,0,0,0,0,0,0,0,0,0,0,0,0,0,0,0
2017-08-06 06:15:00,9.298,U189,84.16583333333332,78.75,86.8,SW,4.0008333333333335,0.0,29.1,,0,0,0,0,0,0,0,0,0,0,0,0,0,0,0,0,0,0,0,0
2017-08-06 06:30:00,9.5714,U189,84.35499999999999,78.72,86.24,SW,3.995,0.0,29.11,,0,0,0,0,0,0,0,0,0,0,0,0,0,0,0,0,0,0,0,0
2017-08-06 06:45:00,8.8878,U189,84.54416666666667,78.7,85.67,SW,3.9891666666666654,0.0,29.12,,0,0,0,0,0,0,0,0,0,0,0,0,0,0,0,0,0,0,0,0
2017-08-06 07:00:00,9.9817,U189,84.73333333333333,78.68,85.1,SW,3.983333333333333,0.0,29.13,,0,0,0,0,0,0,0,0,0,0,0,0,0,0,0,0,0,0,0,0
2017-08-06 07:15:00,11.8959,U189,84.9225,78.66,84.53,SW,3.9775,0.0,29.14,,0,0,0,0,0,0,0,0,0,0,0,0,0,0,0,0,0,0,0,0
2017-08-06 07:30:00,29.6715,U189,85.11166666666666,78.64,83.96,SW,3.971666666666666,0.0,29.16,,0,0,0,0,0,0,0,0,0,0,0,0,0,0,0,0,0,0,0,0
2017-08-06 07:45:00,58.2491,U189,85.30083333333333,78.61,83.39,SW,3.965833333333333,0.0,29.17,,0,0,0,0,0,0,0,0,0,0,0,0,0,0,0,0,0,0,0,0
2017-08-06 08:00:00,227.2535,U189,85.49,78.59,82.82,SSW,3.96,0.0,29.18,,0,0,0,0,0,0,0,0,0,0,0,0,0,0,0,0,0,0,0,0
2017-08-06 08:15:00,279.623,U189,85.8125,78.85,82.25,SSW,4.22,0.0,29.25,,0,0,0,0,0,0,0,0,0,0,0,0,0,0,0,0,0,0,0,0
2017-08-06 08:30:00,315.4475,U189,86.13499999999999,79.12,81.69,SSW,4.48,0.0,29.31,,0,0,0,0,0,0,0,0,0,0,0,0,0,0,0,0,0,0,0,0
2017-08-06 08:45:00,350.4517,U189,86.4575,79.38,81.12,SSW,4.74,0.0,29.38,,0,0,0,0,0,0,0,0,0,0,0,0,0,0,0,0,0,0,0,0
2017-08-06 09:00:00,334.3169,U189,86.78,79.64,80.56,SSW,5.0,0.0,29.44,,0,0,0,0,0,0,0,0,0,0,0,0,0,0,0,0,0,0,0,0
2017-08-06 09:15:00,370.2782,U189,87.10249999999999,79.9,79.99,SSW,5.26,0.0,29.51,,0,0,0,0,0,0,0,0,0,0,0,0,0,0,0,0,0,0,0,0
2017-08-06 09:30:00,413.8967,U189,87.425,80.16,79.42,SSW,5.52,0.0,29.58,,0,0,0,0,0,0,0,0,0,0,0,0,0,0,0,0,0,0,0,0
2017-08-06 09:45:00,337.3251,U189,87.7475,80.43,78.86,SSW,5.78,0.0,29.64,,0,0,0,0,0,0,0,0,0,0,0,0,0,0,0,0,0,0,0,0
2017-08-06 10:00:00,313.9434,U189,88.07,80.69,78.29,SSW,6.04,0.0,29.71,,0,0,0,0,0,0,0,0,0,0,0,0,0,0,0,0,0,0,0,0
2017-08-06 10:15:00,296.3046,U189,88.3925,80.95,77.73,SSW,6.3,0.0,29.77,,0,0,0,0,0,0,0,0,0,0,0,0,0,0,0,0,0,0,0,0
2017-08-06 10:30:00,309.9781,U189,88.715,81.22,77.16,SSW,6.5600000000000005,0.0,29.84,,0,0,0,0,0,0,0,0,0,0,0,0,0,0,0,0,0,0,0,0
2017-08-06 10:45:00,373.2864,U189,89.0375,81.48,76.6,SSW,6.82,0.0,29.9,,0,1,0,0,0,0,0,0,0,0,0,0,0,0,0,0,0,0,0,0
2017-08-06 11:00:00,391.0619,U189,89.36,81.74,76.03,SW,7.08,0.0,29.97,,0,1,0,0,0,0,0,0,0,0,0,0,0,0,0,0,0,0,0,0
2017-08-06 11:15:00,393.5232,U189,89.62666666666667,81.62,75.38,SW,7.244166666666667,0.0,29.92,,0,1,0,0,0,0,0,0,0,0,0,0,0,0,0,0,0,0,0,0
2017-08-06 11:30:00,173.3799,U189,89.89333333333333,81.5,74.73,SW,7.408333333333333,0.0,29.88,,0,1,0,0,0,0,0,0,0,0,0,0,0,0,0,0,0,0,0,0
2017-08-06 11:45:00,19.4164,U189,90.16,81.38,74.08,SW,7.5725,0.0,29.83,,0,1,0,0,0,0,0,0,0,0,0,0,0,0,0,0,0,0,0,0
2017-08-06 12:00:00,20.5102,U189,90.42666666666666,81.25,73.43,SW,7.736666666666667,0.0,29.79,,0,1,0,0,0,0,0,0,0,0,0,0,0,0,0,0,0,0,0,0
2017-08-06 12:15:00,19.4164,U189,90.69333333333331,81.13,72.78,SW,7.900833333333334,0.0,29.74,,0,1,0,0,0,0,0,0,0,0,0,0,0,0,0,0,0,0,0,0
2017-08-06 12:30:00,19.5531,U189,90.96,81.01,72.12,SW,8.065000000000001,0.0,29.7,,0,1,0,0,0,0,0,0,0,0,0,0,0,0,0,0,0,0,0,0
2017-08-06 12:45:00,19.5531,U189,91.22666666666667,80.89,71.47,SW,8.229166666666668,0.0,29.65,,0,1,0,0,0,0,0,0,0,0,0,0,0,0,0,0,0,0,0,0
2017-08-06 13:00:00,19.4164,U189,91.49333333333334,80.77,70.82,SW,8.393333333333334,0.0,29.6,,0,1,0,0,0,0,0,0,0,0,0,0,0,0,0,0,0,0,0,0
2017-08-06 13:15:00,19.8266,U189,91.76,80.64,70.17,SW,8.557500000000001,0.0,29.56,,0,1,0,0,0,0,0,0,0,0,0,0,0,0,0,0,0,0,0,0
2017-08-06 13:30:00,20.5102,U189,92.02666666666669,80.52,69.52,SW,8.721666666666668,0.0,29.51,,0,1,0,0,0,0,0,0,0,0,0,0,0,0,0,0,0,0,0,0
2017-08-06 13:45:00,156.5615,U189,92.29333333333334,80.4,68.87,SW,8.885833333333334,0.0,29.47,,0,1,0,0,0,0,0,0,0,0,0,0,0,0,0,0,0,0,0,0
2017-08-06 14:00:00,396.8048,U189,92.56,80.28,68.22,SW,9.05,0.0,29.42,,0,1,0,0,0,0,0,0,0,0,0,0,0,0,0,0,0,0,0,0
2017-08-06 14:15:00,300.2699,U189,92.28166666666668,80.05,68.14,SW,9.06,0.0,29.44,,0,1,0,0,0,0,0,0,0,0,0,0,0,0,0,0,0,0,0,0
2017-08-06 14:30:00,332.8129,U189,92.00333333333332,79.82,68.06,SW,9.07,0.0,29.46,,0,1,0,0,0,0,0,0,0,0,0,0,0,0,0,0,0,0,0,0
2017-08-06 14:45:00,344.0251,U189,91.725,79.59,67.98,SW,9.08,0.0,29.48,,0,1,0,0,0,0,0,0,0,0,0,0,0,0,0,0,0,0,0,0
2017-08-06 15:00:00,343.4782,U189,91.44666666666669,79.36,67.91,SW,9.09,0.0,29.5,,0,1,0,0,0,0,0,0,0,0,0,0,0,0,0,0,0,0,0,0
2017-08-06 15:15:00,394.4803,U189,91.16833333333334,79.13,67.83,SW,9.1,0.0,29.52,,0,1,0,0,0,0,0,0,0,0,0,0,0,0,0,0,0,0,0,0
2017-08-06 15:30:00,376.0211,U189,90.89,78.9,67.75,SW,9.11,0.0,29.54,,0,1,0,0,0,0,0,0,0,0,0,0,0,0,0,0,0,0,0,0
2017-08-06 15:45:00,397.215,U189,90.61166666666666,78.66,67.67,SW,9.12,0.0,29.57,,0,1,0,0,0,0,0,0,0,0,0,0,0,0,0,0,0,0,0,0
2017-08-06 16:00:00,358.519,U189,90.33333333333331,78.43,67.59,SW,9.13,0.0,29.59,,0,1,0,0,0,0,0,0,0,0,0,0,0,0,0,0,0,0,0,0
2017-08-06 16:15:00,332.6761,U189,90.055,78.2,67.52,SW,9.14,0.0,29.61,,0,1,0,0,0,0,0,0,0,0,0,0,0,0,0,0,0,0,0,0
2017-08-06 16:30:00,352.0925,U189,89.77666666666667,77.97,67.44,SW,9.15,0.0,29.63,,0,1,0,0,0,0,0,0,0,0,0,0,0,0,0,0,0,0,0,0
2017-08-06 16:45:00,393.5232,U189,89.49833333333333,77.74,67.36,SW,9.16,0.0,29.65,,0,1,0,0,0,0,0,0,0,0,0,0,0,0,0,0,0,0,0,0
2017-08-06 17:00:00,386.5497,U189,89.22,77.51,67.28,SW,9.17,0.0,29.67,,0,1,0,0,0,0,0,0,0,0,0,0,0,0,0,0,0,0,0,0
2017-08-06 17:15:00,333.6333,U189,88.87583333333333,77.61,68.56,SW,8.733333333333333,0.0,29.7,,0,1,0,0,0,0,0,0,0,0,0,0,0,0,0,0,0,0,0,0
2017-08-06 17:30:00,329.5312,U189,88.53166666666667,77.72,69.84,SW,8.296666666666667,0.0,29.74,,0,0,0,0,0,0,0,0,0,0,0,0,0,0,0,0,0,0,0,0
2017-08-06 17:45:00,335.0006,U189,88.1875,77.82,71.11,SW,7.859999999999999,0.0,29.77,,0,0,0,0,0,0,0,0,0,0,0,0,0,0,0,0,0,0,0,0
2017-08-06 18:00:00,135.7778,U189,87.84333333333333,77.92,72.39,SW,7.423333333333333,0.0,29.8,,0,0,0,0,0,0,0,0,0,0,0,0,0,0,0,0,0,0,0,0
2017-08-06 18:15:00,17.3653,U189,87.49916666666667,78.02,73.67,SW,6.986666666666666,0.0,29.84,,0,0,0,0,0,0,0,0,0,0,0,0,0,0,0,0,0,0,0,0
2017-08-06 18:30:00,18.4592,U189,87.155,78.12,74.94,SW,6.55,0.0,29.87,,0,0,0,0,0,0,0,0,0,0,0,0,0,0,0,0,0,0,0,0
2017-08-06 18:45:00,18.4592,U189,86.81083333333333,78.23,76.22,SW,6.113333333333333,0.0,29.9,,0,0,0,0,0,0,0,0,0,0,0,0,0,0,0,0,0,0,0,0
2017-08-06 19:00:00,17.3653,U189,86.46666666666667,78.33,77.5,SW,5.676666666666666,0.0,29.94,,0,0,0,0,0,0,0,0,0,0,0,0,0,0,0,0,0,0,0,0
2017-08-06 19:15:00,17.5021,U189,86.1225,78.43,78.78,SW,5.24,0.0,29.97,,0,0,0,0,0,0,0,0,0,0,0,0,0,0,0,0,0,0,0,0
2017-08-06 19:30:00,17.0919,U189,85.77833333333334,78.54,80.06,SW,4.803333333333333,0.0,30.0,,0,0,0,0,0,0,0,0,0,0,0,0,0,0,0,0,0,0,0,0
2017-08-06 19:45:00,17.7755,U189,85.43416666666667,78.64,81.33,SW,4.366666666666666,0.0,30.04,,0,0,0,0,0,0,0,0,0,0,0,0,0,0,0,0,0,0,0,0
2017-08-06 20:00:00,18.1857,U189,85.09,78.74,82.61,S,3.93,0.0,30.07,,0,0,0,0,0,0,0,0,0,0,0,0,0,0,0,0,0,0,0,0
2017-08-06 20:15:00,16.6817,U189,85.03333333333333,78.6,82.58,S,3.7666666666666666,0.0,30.0,,0,0,0,0,0,0,0,0,0,0,0,0,0,0,0,0,0,0,0,0
2017-08-06 20:30:00,15.0408,U189,84.97666666666667,78.46,82.55,S,3.6033333333333335,0.0,29.93,,0,0,0,0,0,0,0,0,0,0,0,0,0,0,0,0,0,0,0,0
2017-08-06 20:45:00,15.3143,U189,84.92,78.32,82.52,S,3.44,0.0,29.86,,0,0,0,0,0,0,0,0,0,0,0,0,0,0,0,0,0,0,0,0
2017-08-06 21:00:00,14.7674,U189,84.86333333333333,78.17,82.49,S,3.276666666666667,0.0,29.79,,0,0,0,0,0,0,0,0,0,0,0,0,0,0,0,0,0,0,0,0
2017-08-06 21:15:00,15.0408,U189,84.80666666666667,78.03,82.46,S,3.1133333333333333,0.0,29.72,,0,0,0,0,0,0,0,0,0,0,0,0,0,0,0,0,0,0,0,0
2017-08-06 21:30:00,15.7245,U189,84.75,77.89,82.44,S,2.95,0.0,29.64,,0,0,0,0,0,0,0,0,0,0,0,0,0,0,0,0,0,0,0,0
2017-08-06 21:45:00,14.6306,U189,84.69333333333333,77.75,82.41,S,2.786666666666666,0.0,29.57,,0,0,0,0,0,0,0,0,0,0,0,0,0,0,0,0,0,0,0,0
2017-08-06 22:00:00,14.7674,U189,84.63666666666667,77.61,82.38,S,2.623333333333333,0.0,29.5,,0,0,0,0,0,0,0,0,0,0,0,0,0,0,0,0,0,0,0,0
2017-08-06 22:15:00,15.0408,U189,84.58,77.46,82.35,S,2.46,0.0,29.43,,0,0,0,0,0,0,0,0,0,0,0,0,0,0,0,0,0,0,0,0
2017-08-06 22:30:00,15.0408,U189,84.52333333333333,77.32,82.32,S,2.296666666666667,0.0,29.36,,0,0,0,0,0,0,0,0,0,0,0,0,0,0,0,0,0,0,0,0
2017-08-06 22:45:00,15.7245,U189,84.46666666666667,77.18,82.29,S,2.1333333333333333,0.0,29.29,,0,0,0,0,0,0,0,0,0,0,0,0,0,0,0,0,0,0,0,0
2017-08-06 23:00:00,14.3572,U189,84.41,77.04,82.26,SSE,1.97,0.0,29.22,,0,0,0,0,0,0,0,0,0,0,0,0,0,0,0,0,0,0,0,0
2017-08-06 23:15:00,14.3572,U189,84.28333333333333,77.29,82.8,SSE,2.1358333333333333,0.0,29.23,,0,0,0,0,0,0,0,0,0,0,0,0,0,0,0,0,0,0,0,0
2017-08-06 23:30:00,14.0837,U189,84.15666666666667,77.55,83.34,SSE,2.3016666666666667,0.0,29.23,,0,0,0,0,0,0,0,0,0,0,0,0,0,0,0,0,0,0,0,0
2017-08-06 23:45:00,14.2204,U189,84.03,77.8,83.88,SSE,2.4675,0.0,29.24,,0,0,0,0,0,0,0,0,0,0,0,0,0,0,0,0,0,0,0,0
2017-08-07 00:00:00,14.4939,U189,83.90333333333334,78.06,84.42,SSE,2.6333333333333333,0.0,29.24,,0,0,0,0,0,0,0,0,0,0,0,0,0,0,0,0,0,0,0,0
2017-08-07 00:15:00,14.6306,U189,83.77666666666667,78.31,84.96,SSE,2.7991666666666664,0.0,29.25,,0,0,0,0,0,0,0,0,0,0,0,0,0,0,0,0,0,0,0,0
2017-08-07 00:30:00,14.3572,U189,83.65,78.56,85.5,SSE,2.965,0.0,29.26,,0,0,0,0,0,0,0,0,0,0,0,0,0,0,0,0,0,0,0,0
2017-08-07 00:45:00,14.3572,U189,83.52333333333333,78.82,86.03,SSE,3.1308333333333334,0.0,29.26,,0,0,0,0,0,0,0,0,0,0,0,0,0,0,0,0,0,0,0,0
2017-08-07 01:00:00,14.0837,U189,83.39666666666666,79.07,86.57,SSE,3.296666666666667,0.0,29.27,,0,0,0,0,0,0,0,0,0,0,0,0,0,0,0,0,0,0,0,0
2017-08-07 01:15:00,14.6306,U189,83.27,79.33,87.11,SSE,3.4625,0.0,29.27,,0,0,0,0,0,0,0,0,0,0,0,0,0,0,0,0,0,0,0,0
2017-08-07 01:30:00,14.0837,U189,83.14333333333333,79.58,87.65,SSE,3.628333333333333,0.0,29.28,,0,0,0,0,0,0,0,0,0,0,0,0,0,0,0,0,0,0,0,0
2017-08-07 01:45:00,13.947,U189,83.01666666666667,79.84,88.19,SSE,3.7941666666666665,0.0,29.28,,0,0,0,0,0,0,0,0,0,0,0,0,0,0,0,0,0,0,0,0
2017-08-07 02:00:00,14.3572,U189,82.89,80.09,88.73,S,3.96,0.0,29.29,,0,0,0,0,0,0,0,0,0,0,0,0,0,0,0,0,0,0,0,0
2017-08-07 02:15:00,14.0837,U189,82.94666666666667,80.09,88.88,S,4.224166666666667,0.0,29.28,,0,0,0,0,0,0,0,0,0,0,0,0,0,0,0,0,0,0,0,0
2017-08-07 02:30:00,13.947,U189,83.00333333333333,80.1,89.04,S,4.488333333333333,0.0,29.28,,0,0,0,0,0,0,0,0,0,0,0,0,0,0,0,0,0,0,0,0
2017-08-07 02:45:00,13.947,U189,83.06,80.1,89.19,S,4.7525,0.0,29.27,,0,0,0,0,0,0,0,0,0,0,0,0,0,0,0,0,0,0,0,0
2017-08-07 03:00:00,14.0837,U189,83.11666666666666,80.1,89.34,S,5.016666666666667,0.0,29.26,,0,0,0,0,0,0,0,0,0,0,0,0,0,0,0,0,0,0,0,0
2017-08-07 03:15:00,13.6735,U189,83.17333333333333,80.1,89.49,S,5.280833333333334,0.0,29.26,,0,0,0,0,0,0,0,0,0,0,0,0,0,0,0,0,0,0,0,0
2017-08-07 03:30:00,13.6735,U189,83.22999999999999,80.1,89.65,S,5.545,0.0,29.25,,0,0,0,0,0,0,0,0,0,0,0,0,0,0,0,0,0,0,0,0
2017-08-07 03:45:00,14.0837,U189,83.28666666666666,80.11,89.8,S,5.809166666666666,0.0,29.24,,0,0,0,0,0,0,0,0,0,0,0,0,0,0,0,0,0,0,0,0
2017-08-07 04:00:00,13.947,U189,83.34333333333333,80.11,89.95,S,6.073333333333333,0.0,29.24,,0,0,0,0,0,0,0,0,0,0,0,0,0,0,0,0,0,0,0,0
2017-08-07 04:15:00,13.6735,U189,83.39999999999999,80.11,90.1,S,6.3375,0.0,29.23,,0,0,0,0,0,0,0,0,0,0,0,0,0,0,0,0,0,0,0,0
2017-08-07 04:30:00,13.4,U189,83.45666666666666,80.12,90.26,S,6.601666666666667,0.0,29.22,,0,0,0,0,0,0,0,0,0,0,0,0,0,0,0,0,0,0,0,0
2017-08-07 04:45:00,15.3143,U189,83.51333333333332,80.12,90.41,S,6.865833333333333,0.0,29.22,,0,0,0,0,0,0,0,0,0,0,0,0,0,0,0,0,0,0,0,0
2017-08-07 05:00:00,13.6735,U189,83.57,80.12,90.56,SSW,7.13,0.0,29.21,,0,0,0,0,0,0,0,0,0,0,0,0,0,0,0,0,0,0,0,0
2017-08-07 05:15:00,13.6735,U189,83.5675,80.07,90.09,SSW,7.440833333333333,0.0,29.27,,0,0,0,0,0,0,0,0,0,0,0,0,0,0,0,0,0,0,0,0
2017-08-07 05:30:00,14.3572,U189,83.565,80.03,89.62,SSW,7.751666666666667,0.0,29.34,,0,0,0,0,0,0,0,0,0,0,0,0,0,0,0,0,0,0,0,0
2017-08-07 05:45:00,14.3572,U189,83.5625,79.98,89.15,SSW,8.0625,0.0,29.4,,0,0,0,0,0,0,0,0,0,0,0,0,0,0,0,0,0,0,0,0
2017-08-07 06:00:00,13.947,U189,83.56,79.93,88.68,SSW,8.373333333333333,0.0,29.46,,0,0,0,0,0,0,0,0,0,0,0,0,0,0,0,0,0,0,0,0
2017-08-07 06:15:00,13.6735,U189,83.5575,79.89,88.21,SSW,8.684166666666666,0.0,29.52,,0,0,0,0,0,0,0,0,0,0,0,0,0,0,0,0,0,0,0,0
2017-08-07 06:30:00,12.7163,U189,83.555,79.84,87.74,SSW,8.995,0.0,29.58,,0,0,0,0,0,0,0,0,0,0,0,0,0,0,0,0,0,0,0,0
2017-08-07 06:45:00,12.9898,U189,83.5525,79.79,87.28,SSW,9.305833333333332,0.0,29.65,,0,0,0,0,0,0,0,0,0,0,0,0,0,0,0,0,0,0,0,0
2017-08-07 07:00:00,12.9898,U189,83.55,79.75,86.81,SSW,9.616666666666667,0.0,29.71,,0,0,0,0,0,0,0,0,0,0,0,0,0,0,0,0,0,0,0,0
2017-08-07 07:15:00,15.7245,U189,83.5475,79.7,86.34,SSW,9.927499999999998,0.0,29.77,,0,0,0,0,0,0,0,0,0,0,0,0,0,0,0,0,0,0,0,0
2017-08-07 07:30:00,17.7755,U189,83.545,79.65,85.87,SSW,10.238333333333332,0.0,29.84,,0,0,0,0,0,0,0,0,0,0,0,0,0,0,0,0,0,0,0,0
2017-08-07 07:45:00,53.6001,U189,83.5425,79.61,85.4,SSW,10.549166666666666,0.0,29.9,,0,0,0,0,0,0,0,0,0,0,0,0,0,0,0,0,0,0,0,0
2017-08-07 08:00:00,298.9026,U189,83.54,79.56,84.93,WSW,10.86,0.0,29.96,,0,0,0,0,0,0,0,0,0,0,0,0,0,0,0,0,0,0,0,0
2017-08-07 08:15:00,371.5088,U189,84.14250000000001,79.62,83.98,WSW,10.7025,0.0,29.98,,0,0,0,0,0,0,0,0,0,0,0,0,0,0,0,0,0,0,0,0
2017-08-07 08:30:00,361.9374,U189,84.745,79.68,83.03,WSW,10.545,0.0,29.99,,0,0,0,0,0,0,0,0,0,0,0,0,0,0,0,0,0,0,0,0
2017-08-07 08:45:00,419.7763,U189,85.3475,79.73,82.08,WSW,10.3875,0.0,30.01,,0,0,0,0,0,0,0,0,0,0,0,0,0,0,0,0,0,0,0,0
2017-08-07 09:00:00,319.0026,U189,85.95,79.79,81.13,WSW,10.23,0.0,30.03,,0,0,0,0,0,0,0,0,0,0,0,0,0,0,0,0,0,0,0,0
2017-08-07 09:15:00,331.3088,U189,86.55250000000001,79.85,80.18,WSW,10.0725,0.0,30.04,,0,0,0,0,0,0,0,0,0,0,0,0,0,0,0,0,0,0,0,0
2017-08-07 09:30:00,330.4884,U189,87.155,79.9,79.23,WSW,9.915,0.0,30.06,,0,0,0,0,0,0,0,0,0,0,0,0,0,0,0,0,0,0,0,0
2017-08-07 09:45:00,319.2761,U189,87.7575,79.96,78.28,WSW,9.7575,0.0,30.08,,0,0,0,0,0,0,0,0,0,0,0,0,0,0,0,0,0,0,0,0
2017-08-07 10:00:00,352.7762,U189,88.36,80.02,77.33,WSW,9.6,0.0,30.09,,0,0,0,0,0,0,0,0,0,0,0,0,0,0,0,0,0,0,0,0
2017-08-07 10:15:00,327.8904,U189,88.9625,80.08,76.38,WSW,9.4425,0.0,30.11,,0,0,0,0,0,0,0,0,0,0,0,0,0,0,0,0,0,0,0,0
2017-08-07 10:30:00,334.5904,U189,89.565,80.14,75.43,WSW,9.285,0.0,30.13,,0,0,0,0,0,0,0,0,0,0,0,0,0,0,0,0,0,0,0,0
2017-08-07 10:45:00,314.0802,U189,90.1675,80.19,74.48,WSW,9.1275,0.0,30.14,,0,0,0,0,0,0,0,0,0,0,0,0,0,0,0,0,0,0,0,0
2017-08-07 11:00:00,319.0026,U189,90.77,80.25,73.53,SW,8.97,0.0,30.16,,0,1,0,0,0,0,0,0,0,0,0,0,0,0,0,0,0,0,0,0
2017-08-07 11:15:00,369.1844,U189,90.99666666666668,80.27,72.9,SW,9.551666666666668,0.0,30.15,,0,1,0,0,0,0,0,0,0,0,0,0,0,0,0,0,0,0,0,0
2017-08-07 11:30:00,188.0106,U189,91.22333333333331,80.3,72.27,SW,10.133333333333333,0.0,30.13,,0,1,0,0,0,0,0,0,0,0,0,0,0,0,0,0,0,0,0,0
2017-08-07 11:45:00,19.8266,U189,91.45,80.32,71.64,SW,10.715,0.0,30.12,,0,1,0,0,0,0,0,0,0,0,0,0,0,0,0,0,0,0,0,0
2017-08-07 12:00:00,22.5613,U189,91.67666666666666,80.35,71.01,SW,11.296666666666669,0.0,30.11,,0,1,0,0,0,0,0,0,0,0,0,0,0,0,0,0,0,0,0,0
2017-08-07 12:15:00,23.2449,U189,91.90333333333334,80.37,70.38,SW,11.878333333333334,0.0,30.09,,0,1,0,0,0,0,0,0,0,0,0,0,0,0,0,0,0,0,0,0
2017-08-07 12:30:00,22.1511,U189,92.13,80.4,69.74,SW,12.46,0.0,30.08,,0,1,0,0,0,0,0,0,0,0,0,0,0,0,0,0,0,0,0,0
2017-08-07 12:45:00,23.2449,U189,92.35666666666664,80.42,69.11,SW,13.041666666666666,0.0,30.07,,0,0,0,0,0,0,0,0,0,0,0,0,0,0,0,0,0,0,0,0
2017-08-07 13:00:00,22.2878,U189,92.58333333333331,80.44,68.48,SW,13.623333333333331,0.0,30.05,,0,0,0,0,0,0,0,0,0,0,0,0,0,0,0,0,0,0,0,0
2017-08-07 13:15:00,22.8347,U189,92.81,80.47,67.85,SW,14.205,0.0,30.04,,0,0,0,0,0,0,0,0,0,0,0,0,0,0,0,0,0,0,0,0
2017-08-07 13:30:00,22.9715,U189,93.03666666666666,80.49,67.22,SW,14.786666666666664,0.0,30.03,,0,0,0,0,0,0,0,0,0,0,0,0,0,0,0,0,0,0,0,0
2017-08-07 13:45:00,112.1227,U189,93.26333333333332,80.52,66.59,SW,15.368333333333332,0.0,30.01,,0,0,0,0,0,0,0,0,0,0,0,0,0,0,0,0,0,0,0,0
2017-08-07 14:00:00,333.6333,U189,93.49,80.54,65.96,SW,15.95,0.0,30.0,,0,0,0,0,0,0,0,0,0,0,0,0,0,0,0,0,0,0,0,0
2017-08-07 14:15:00,325.7026,U189,93.1975,79.95,65.55,SW,15.928333333333333,0.0,29.99,,0,0,0,0,0,0,0,0,0,0,0,0,0,0,0,0,0,0,0,0
2017-08-07 14:30:00,252.0025,U189,92.905,79.37,65.15,SW,15.906666666666666,0.0,29.97,,0,0,0,0,0,0,0,0,0,0,0,0,0,0,0,0,0,0,0,0
2017-08-07 14:45:00,283.0413,U189,92.6125,78.78,64.74,SW,15.885,0.0,29.96,,0,0,0,0,0,0,0,0,0,0,0,0,0,0,0,0,0,0,0,0
2017-08-07 15:00:00,270.7352,U189,92.32,78.19,64.34,SW,15.863333333333332,0.0,29.94,,0,0,0,0,0,0,0,0,0,0,0,0,0,0,0,0,0,0,0,0
2017-08-07 15:15:00,291.9291,U189,92.0275,77.6,63.93,SW,15.841666666666669,0.0,29.93,,0,0,0,0,0,0,0,0,0,0,0,0,0,0,0,0,0,0,0,0
2017-08-07 15:30:00,309.021,U189,91.735,77.02,63.53,SW,15.82,0.0,29.92,,0,0,0,0,0,0,0,0,0,0,0,0,0,0,0,0,0,0,0,0
2017-08-07 15:45:00,349.76800000000003,U189,91.4425,76.43,63.12,SW,15.798333333333332,0.0,29.9,,0,0,0,0,0,0,0,0,0,0,0,0,0,0,0,0,0,0,0,0
2017-08-07 16:00:00,351.4088,U189,91.15,75.84,62.72,SW,15.776666666666666,0.0,29.89,,0,0,0,0,0,0,0,0,0,0,0,0,0,0,0,0,0,0,0,0
2017-08-07 16:15:00,352.7762,U189,90.8575,75.25,62.32,SW,15.755,0.0,29.87,,0,0,0,0,0,0,0,0,0,0,0,0,0,0,0,0,0,0,0,0
2017-08-07 16:30:00,327.3435,U189,90.565,74.66,61.91,SW,15.733333333333333,0.0,29.86,,0,0,0,0,0,0,0,0,0,0,0,0,0,0,0,0,0,0,0,0
2017-08-07 16:45:00,379.8497,U189,90.2725,74.08,61.5,SW,15.711666666666666,0.0,29.84,,0,0,0,0,0,0,0,0,0,0,0,0,0,0,0,0,0,0,0,0
2017-08-07 17:00:00,341.5639,U189,89.98,73.49,61.1,SSW,15.69,0.0,29.83,,0,0,0,0,0,0,0,0,0,0,0,0,0,0,0,0,0,0,0,0
2017-08-07 17:15:00,282.2209,U189,89.5575,73.92,62.77,SSW,15.1275,0.0,29.78,,0,0,0,0,0,0,0,0,0,0,0,0,0,0,0,0,0,0,0,0
2017-08-07 17:30:00,252.0025,U189,89.135,74.34,64.44,SSW,14.565,0.0,29.73,,0,0,0,0,0,0,0,0,0,0,0,0,0,0,0,0,0,0,0,0
2017-08-07 17:45:00,268.6842,U189,88.7125,74.77,66.1,SSW,14.0025,0.0,29.68,,0,0,0,0,0,0,0,0,0,0,0,0,0,0,0,0,0,0,0,0
2017-08-07 18:00:00,137.8288,U189,88.29,75.2,67.77,SSW,13.44,0.0,29.63,,0,0,0,0,0,0,0,0,0,0,0,0,0,0,0,0,0,0,0,0
2017-08-07 18:15:00,23.2449,U189,87.8675,75.63,69.44,SSW,12.8775,0.0,29.58,,0,0,0,0,0,0,0,0,0,0,0,0,0,0,0,0,0,0,0,0
2017-08-07 18:30:00,13.6735,U189,87.445,76.06,71.11,SSW,12.315,0.0,29.52,,0,0,0,0,0,0,0,0,0,0,0,0,0,0,0,0,0,0,0,0
2017-08-07 18:45:00,13.6735,U189,87.0225,76.48,72.78,SSW,11.7525,0.0,29.47,,0,0,0,0,0,0,0,0,0,0,0,0,0,0,0,0,0,0,0,0
2017-08-07 19:00:00,12.5796,U189,86.6,76.91,74.45,SSW,11.19,0.0,29.42,,0,0,0,0,0,0,0,0,0,0,0,0,0,0,0,0,0,0,0,0
2017-08-07 19:15:00,12.9898,U189,86.1775,77.34,76.12,SSW,10.6275,0.0,29.37,,0,0,0,0,0,0,0,0,0,0,0,0,0,0,0,0,0,0,0,0
2017-08-07 19:30:00,13.6735,U189,85.755,77.76,77.78,SSW,10.065,0.0,29.32,,0,0,0,0,0,0,0,0,0,0,0,0,0,0,0,0,0,0,0,0
2017-08-07 19:45:00,15.7245,U189,85.3325,78.19,79.45,SSW,9.5025,0.0,29.27,,0,0,0,0,0,0,0,0,0,0,0,0,0,0,0,0,0,0,0,0
2017-08-07 20:00:00,14.7674,U189,84.91,78.62,81.12,SE,8.94,0.0,29.22,,0,0,0,0,0,0,0,0,0,0,0,0,0,0,0,0,0,0,0,0
2017-08-07 20:15:00,13.947,U189,84.97333333333333,78.52,81.6,SE,8.528333333333332,0.0,29.28,,0,0,0,0,0,0,0,0,0,0,0,0,0,0,0,0,0,0,0,0
2017-08-07 20:30:00,13.4,U189,85.03666666666666,78.43,82.09,SE,8.116666666666667,0.0,29.33,,0,0,0,0,0,0,0,0,0,0,0,0,0,0,0,0,0,0,0,0
2017-08-07 20:45:00,13.6735,U189,85.1,78.33,82.58,SE,7.705,0.0,29.39,,0,0,0,0,0,0,0,0,0,0,0,0,0,0,0,0,0,0,0,0
2017-08-07 21:00:00,14.6306,U189,85.16333333333333,78.23,83.06,SE,7.293333333333333,0.0,29.44,,0,0,0,0,0,0,0,0,0,0,0,0,0,0,0,0,0,0,0,0
2017-08-07 21:15:00,14.3572,U189,85.22666666666666,78.13,83.54,SE,6.881666666666666,0.0,29.5,,0,0,0,0,0,0,0,0,0,0,0,0,0,0,0,0,0,0,0,0
2017-08-07 21:30:00,13.4,U189,85.28999999999999,78.04,84.03,SE,6.47,0.0,29.56,,0,0,0,0,0,0,0,0,0,0,0,0,0,0,0,0,0,0,0,0
2017-08-07 21:45:00,13.2633,U189,85.35333333333334,77.94,84.52,SE,6.058333333333334,0.0,29.61,,0,0,0,0,0,0,0,0,0,0,0,0,0,0,0,0,0,0,0,0
2017-08-07 22:00:00,12.9898,U189,85.41666666666667,77.84,85.0,SE,5.6466666666666665,0.0,29.67,,0,0,0,0,0,0,0,0,0,0,0,0,0,0,0,0,0,0,0,0
2017-08-07 22:15:00,12.5796,U189,85.48,77.74,85.48,SE,5.234999999999999,0.0,29.72,,0,0,0,0,0,0,0,0,0,0,0,0,0,0,0,0,0,0,0,0
2017-08-07 22:30:00,12.7163,U189,85.54333333333334,77.65,85.97,SE,4.823333333333333,0.0,29.78,,0,0,0,0,0,0,0,0,0,0,0,0,0,0,0,0,0,0,0,0
2017-08-07 22:45:00,12.3061,U189,85.60666666666667,77.55,86.46,SE,4.411666666666667,0.0,29.83,,0,0,0,0,0,0,0,0,0,0,0,0,0,0,0,0,0,0,0,0
2017-08-07 23:00:00,11.8959,U189,85.67,77.45,86.94,SE,4.0,0.0,29.89,,0,0,0,0,0,0,0,0,0,0,0,0,0,0,0,0,0,0,0,0
2017-08-07 23:15:00,12.0327,U189,85.49083333333334,77.66,86.93,SE,4.428333333333334,0.0,29.86,,0,0,0,0,0,0,0,0,0,0,0,0,0,0,0,0,0,0,0,0
2017-08-07 23:30:00,12.0327,U189,85.31166666666667,77.86,86.92,SE,4.8566666666666665,0.0,29.83,,0,0,0,0,0,0,0,0,0,0,0,0,0,0,0,0,0,0,0,0
2017-08-07 23:45:00,12.3061,U189,85.1325,78.06,86.91,SE,5.285,0.0,29.8,,0,0,0,0,0,0,0,0,0,0,0,0,0,0,0,0,0,0,0,0
2017-08-08 00:00:00,11.4857,U189,84.95333333333333,78.27,86.9,SE,5.713333333333334,0.0,29.77,,0,0,0,0,0,0,0,0,0,0,0,0,0,0,0,0,0,0,0,0
